"CIP_Code","CIP","CIP_T"
01.0000,010000,"Agriculture, General."
01.0101,010101,"Agricultural Business and Management, General."
01.0102,010102,Agribusiness/Agricultural Business Operations.
01.0103,010103,Agricultural Economics.
01.0104,010104,Farm/Farm and Ranch Management.
01.0105,010105,Agricultural/Farm Supplies Retailing and Wholesaling.
01.0106,010106,Agricultural Business Technology.
01.0199,010199,"Agricultural Business and Management, Other."
01.0201,010201,"Agricultural Mechanization, General."
01.0204,010204,Agricultural Power Machinery Operation.
01.0205,010205,Agricultural Mechanics and Equipment/Machine Technology.
01.0299,010299,"Agricultural Mechanization, Other."
01.0301,010301,"Agricultural Production Operations, General."
01.0302,010302,Animal/Livestock Husbandry and Production.
01.0303,010303,Aquaculture.
01.0304,010304,Crop Production.
01.0306,010306,Dairy Husbandry and Production.
01.0307,010307,Horse Husbandry/Equine Science and Management.
01.0308,010308,Agroecology and Sustainable Agriculture.
01.0309,010309,Viticulture and Enology.
01.0399,010399,"Agricultural Production Operations, Other."
01.0401,010401,Agricultural and Food Products Processing.
01.0504,010504,Dog/Pet/Animal Grooming.
01.0505,010505,Animal Training.
01.0507,010507,Equestrian/Equine Studies.
01.0508,010508,Taxidermy/Taxidermist.
01.0599,010599,"Agricultural and Domestic Animal Services, Other."
01.0601,010601,"Applied Horticulture/Horticulture Operations, General."
01.0603,010603,Ornamental Horticulture.
01.0604,010604,Greenhouse Operations and Management.
01.0605,010605,Landscaping and Groundskeeping.
01.0606,010606,Plant Nursery Operations and Management.
01.0607,010607,Turf and Turfgrass Management.
01.0608,010608,Floriculture/Floristry Operations and Management.
01.0699,010699,"Applied Horticulture/Horticultural Business Services, Other."
01.0701,010701,International Agriculture.
01.0801,010801,Agricultural and Extension Education Services.
01.0802,010802,Agricultural Communication/Journalism.
01.0899,010899,"Agricultural Public Services, Other."
01.0901,010901,"Animal Sciences, General."
01.0902,010902,Agricultural Animal Breeding.
01.0903,010903,Animal Health.
01.0904,010904,Animal Nutrition.
01.0905,010905,Dairy Science.
01.0906,010906,Livestock Management.
01.0907,010907,Poultry Science.
01.0999,010999,"Animal Sciences, Other."
01.1001,011001,Food Science.
01.1002,011002,Food Technology and Processing.
01.1099,011099,"Food Science and Technology, Other."
01.1101,011101,"Plant Sciences, General."
01.1102,011102,Agronomy and Crop Science.
01.1103,011103,Horticultural Science.
01.1104,011104,Agricultural and Horticultural Plant Breeding.
01.1105,011105,Plant Protection and Integrated Pest Management.
01.1106,011106,Range Science and Management.
01.1199,011199,"Plant Sciences, Other."
01.1201,011201,"Soil Science and Agronomy, General."
01.1202,011202,Soil Chemistry and Physics.
01.1203,011203,Soil Microbiology.
01.1299,011299,"Soil Sciences, Other."
01.9999,019999,"Agriculture, Agriculture Operations, and Related Sciences, Other."
03.0101,030101,"Natural Resources/Conservation, General."
03.0103,030103,Environmental Studies.
03.0104,030104,Environmental Science.
03.0199,030199,"Natural Resources Conservation and Research, Other."
03.0201,030201,Natural Resources Management and Policy.
03.0204,030204,Natural Resource Economics.
03.0205,030205,"Water, Wetlands, and Marine Resources Management."
03.0206,030206,Land Use Planning and Management/Development.
03.0207,030207,Natural Resource Recreation and Tourism.
03.0208,030208,Natural Resources Law Enforcement and Protective Services.
03.0299,030299,"Natural Resources Management and Policy, Other."
03.0301,030301,Fishing and Fisheries Sciences and Management.
03.0501,030501,"Forestry, General."
03.0502,030502,Forest Sciences and Biology.
03.0506,030506,Forest Management/Forest Resources Management.
03.0508,030508,Urban Forestry.
03.0509,030509,Wood Science and Wood Products/Pulp and Paper Technology.
03.0510,030510,Forest Resources Production and Management.
03.0511,030511,Forest Technology/Technician.
03.0599,030599,"Forestry, Other."
03.0601,030601,"Wildlife, Fish and Wildlands Science and Management."
03.9999,039999,"Natural Resources and Conservation, Other."
04.0201,040201,Architecture.
04.0301,040301,"City/Urban, Community and Regional Planning."
04.0401,040401,Environmental Design/Architecture.
04.0501,040501,Interior Architecture.
04.0601,040601,Landscape Architecture.
04.0801,040801,"Architectural History and Criticism, General."
04.0901,040901,Architectural Technology/Technician.
04.0902,040902,Architectural and Building Sciences/Technology.
04.0999,040999,"Architectural Sciences and Technology, Other."
04.1001,041001,Real Estate Development.
04.9999,049999,"Architecture and Related Services, Other."
05.0101,050101,African Studies.
05.0102,050102,American/United States Studies/Civilization.
05.0103,050103,Asian Studies/Civilization.
05.0104,050104,East Asian Studies.
05.0105,050105,"Russian, Central European, East European and Eurasian Studies."
05.0106,050106,European Studies/Civilization.
05.0107,050107,Latin American Studies.
05.0108,050108,Near and Middle Eastern Studies.
05.0109,050109,Pacific Area/Pacific Rim Studies.
05.0110,050110,Russian Studies.
05.0111,050111,Scandinavian Studies.
05.0112,050112,South Asian Studies.
05.0113,050113,Southeast Asian Studies.
05.0114,050114,Western European Studies.
05.0115,050115,Canadian Studies.
05.0116,050116,Balkans Studies.
05.0117,050117,Baltic Studies.
05.0118,050118,Slavic Studies.
05.0119,050119,Caribbean Studies.
05.0120,050120,Ural-Altaic and Central Asian Studies.
05.0121,050121,Commonwealth Studies.
05.0122,050122,"Regional Studies (U.S., Canadian, Foreign)"
05.0123,050123,Chinese Studies.
05.0124,050124,French Studies.
05.0125,050125,German Studies.
05.0126,050126,Italian Studies.
05.0127,050127,Japanese Studies.
05.0128,050128,Korean Studies.
05.0129,050129,Polish Studies.
05.0130,050130,Spanish and Iberian Studies.
05.0131,050131,Tibetan Studies.
05.0132,050132,Ukraine Studies.
05.0133,050133,Irish Studies.
05.0134,050134,Latin American and Caribbean Studies.
05.0199,050199,"Area Studies, Other."
05.0200,050200,Ethnic Studies.
05.0201,050201,African-American/Black Studies.
05.0202,050202,American Indian/Native American Studies.
05.0203,050203,"Hispanic-American, Puerto Rican, and Mexican-American/Chicano Studies."
05.0206,050206,Asian-American Studies.
05.0207,050207,Women's Studies.
05.0208,050208,Gay/Lesbian Studies.
05.0209,050209,Folklore Studies.
05.0210,050210,Disability Studies.
05.0211,050211,Deaf Studies.
05.0299,050299,"Ethnic, Cultural Minority, Gender, and Group Studies, Other."
05.9999,059999,"Area, Ethnic, Cultural, and Gender Studies, Other."
09.0100,090100,"Communication, General."
09.0101,090101,Speech Communication and Rhetoric.
09.0102,090102,Mass Communication/Media Studies.
09.0199,090199,"Communication and Media Studies, Other."
09.0401,090401,Journalism.
09.0402,090402,Broadcast Journalism.
09.0404,090404,Photojournalism.
09.0499,090499,"Journalism, Other."
09.0701,090701,Radio and Television.
09.0702,090702,Digital Communication and Media/Multimedia.
09.0799,090799,"Radio, Television, and Digital Communication, Other."
09.0900,090900,"Public Relations, Advertising, and Applied Communication."
09.0901,090901,"Organizational Communication, General."
09.0902,090902,Public Relations/Image Management.
09.0903,090903,Advertising.
09.0904,090904,Political Communication.
09.0905,090905,Health Communication.
09.0906,090906,Sports Communication.
09.0907,090907,International and Intercultural Communication.
09.0908,090908,Technical and Scientific Communication.
09.0999,090999,"Public Relations, Advertising, and Applied Communication, Other"
09.1001,091001,Publishing.
09.9999,099999,"Communication, Journalism, and Related Programs, Other."
10.0105,100105,Communications Technology/Technician.
10.0201,100201,Photographic and Film/Video Technology/Technician and Assistant.
10.0202,100202,Radio and Television Broadcasting Technology/Technician.
10.0203,100203,Recording Arts Technology/Technician.
10.0299,100299,"Audiovisual Communications Technologies/Technicians, Other."
10.0301,100301,"Graphic Communications, General."
10.0302,100302,Printing Management.
10.0303,100303,Prepress/Desktop Publishing and Digital Imaging Design.
10.0304,100304,"Animation, Interactive Technology, Video Graphics and Special Effects."
10.0305,100305,"Graphic and Printing Equipment Operator, General Production."
10.0306,100306,Platemaker/Imager.
10.0307,100307,Printing Press Operator.
10.0308,100308,Computer Typography and Composition Equipment Operator.
10.0399,100399,"Graphic Communications, Other."
10.9999,109999,"Communications Technologies/Technicians and Support Services, Other."
11.0101,110101,"Computer and Information Sciences, General."
11.0102,110102,Artificial Intelligence.
11.0103,110103,Information Technology.
11.0104,110104,Informatics.
11.0199,110199,"Computer and Information Sciences,  Other."
11.0201,110201,"Computer Programming/Programmer, General."
11.0202,110202,"Computer Programming, Specific Applications."
11.0203,110203,"Computer Programming, Vendor/Product Certification."
11.0299,110299,"Computer Programming, Other."
11.0301,110301,Data Processing and Data Processing Technology/Technician.
11.0401,110401,Information Science/Studies.
11.0501,110501,Computer Systems Analysis/Analyst.
11.0601,110601,"Data Entry/Microcomputer Applications, General."
11.0602,110602,Word Processing.
11.0699,110699,"Data Entry/Microcomputer Applications, Other."
11.0701,110701,Computer Science.
11.0801,110801,"Web Page, Digital/Multimedia and Information Resources Design."
11.0802,110802,Data Modeling/Warehousing and Database Administration.
11.0803,110803,Computer Graphics.
11.0804,110804,"Modeling, Virtual Environments and Simulation."
11.0899,110899,"Computer Software and Media Applications, Other."
11.0901,110901,Computer Systems Networking and Telecommunications.
11.1001,111001,Network and System Administration/Administrator.
11.1002,111002,"System, Networking, and LAN/WAN Management/Manager."
11.1003,111003,Computer and Information Systems Security/Information Assurance.
11.1004,111004,Web/Multimedia Management and Webmaster.
11.1005,111005,Information Technology Project Management.
11.1006,111006,Computer Support Specialist.
11.1099,111099,"Computer/Information Technology Services Administration and Management, Other."
11.9999,119999,"Computer and Information Sciences and Support Services, Other."
12.0301,120301,"Funeral Service and Mortuary Science, General."
12.0302,120302,Funeral Direction/Service.
12.0303,120303,Mortuary Science and Embalming/Embalmer.
12.0399,120399,"Funeral Service and Mortuary Science, Other."
12.0401,120401,"Cosmetology/Cosmetologist, General."
12.0402,120402,Barbering/Barber.
12.0404,120404,Electrolysis/Electrology and Electrolysis Technician.
12.0406,120406,Make-Up Artist/Specialist.
12.0407,120407,Hair Styling/Stylist and Hair Design.
12.0408,120408,Facial Treatment Specialist/Facialist.
12.0409,120409,Aesthetician/Esthetician and Skin Care Specialist.
12.0410,120410,Nail Technician/Specialist and Manicurist.
12.0411,120411,Permanent Cosmetics/Makeup and Tattooing.
12.0412,120412,Salon/Beauty Salon Management/Manager.
12.0413,120413,"Cosmetology, Barber/Styling, and Nail Instructor."
12.0414,120414,Master Aesthetician/Esthetician.
12.0499,120499,"Cosmetology and Related Personal Grooming Arts, Other."
12.0500,120500,"Cooking and Related Culinary Arts, General."
12.0501,120501,Baking and Pastry Arts/Baker/Pastry Chef.
12.0502,120502,Bartending/Bartender.
12.0503,120503,Culinary Arts/Chef Training.
12.0504,120504,"Restaurant, Culinary, and Catering Management/Manager."
12.0505,120505,Food Preparation/Professional Cooking/Kitchen Assistant.
12.0506,120506,Meat Cutting/Meat Cutter.
12.0507,120507,"Food Service, Waiter/Waitress, and Dining Room Management/Manager."
12.0508,120508,Institutional Food Workers.
12.0509,120509,Culinary Science/Culinology.
12.0510,120510,Wine Steward/Sommelier.
12.0599,120599,"Culinary Arts and Related Services, Other."
12.9999,129999,"Personal and Culinary Services, Other."
13.0101,130101,"Education, General."
13.0201,130201,Bilingual and Multilingual Education.
13.0202,130202,Multicultural Education.
13.0203,130203,Indian/Native American Education.
13.0299,130299,"Bilingual, Multilingual, and Multicultural Education, Other."
13.0301,130301,Curriculum and Instruction.
13.0401,130401,"Educational Leadership and Administration, General."
13.0402,130402,Administration of Special Education.
13.0403,130403,Adult and Continuing Education Administration.
13.0404,130404,"Educational, Instructional, and Curriculum Supervision."
13.0406,130406,Higher Education/Higher Education Administration.
13.0407,130407,Community College Education.
13.0408,130408,Elementary and Middle School Administration/Principalship.
13.0409,130409,Secondary School Administration/Principalship.
13.0410,130410,Urban Education and Leadership.
13.0411,130411,Superintendency and Educational System Administration.
13.0499,130499,"Educational Administration and Supervision, Other."
13.0501,130501,Educational/Instructional Technology.
13.0601,130601,Educational Evaluation and Research.
13.0603,130603,Educational Statistics and Research Methods.
13.0604,130604,"Educational Assessment, Testing, and Measurement."
13.0607,130607,Learning Sciences.
13.0699,130699,"Educational Assessment, Evaluation, and Research, Other."
13.0701,130701,International and Comparative Education.
13.0901,130901,Social and Philosophical Foundations of Education.
13.1001,131001,"Special Education and Teaching, General."
13.1003,131003,Education/Teaching of Individuals with Hearing Impairments Including Deafness.
13.1004,131004,Education/Teaching of the Gifted and Talented.
13.1005,131005,Education/Teaching of Individuals with Emotional Disturbances.
13.1006,131006,Education/Teaching of Individuals with Mental Retardation.
13.1007,131007,Education/Teaching of Individuals with Multiple Disabilities.
13.1008,131008,Education/Teaching of Individuals with Orthopedic and Other Physical Health Impairments.
13.1009,131009,Education/Teaching of Individuals with Vision Impairments Including Blindness.
13.1011,131011,Education/Teaching of Individuals with Specific Learning Disabilities.
13.1012,131012,Education/Teaching of Individuals with Speech or Language Impairments.
13.1013,131013,Education/Teaching of Individuals with Autism.
13.1014,131014,Education/Teaching of Individuals Who are Developmentally Delayed.
13.1015,131015,Education/Teaching of Individuals in Early Childhood Special Education Programs.
13.1016,131016,Education/Teaching of Individuals with Traumatic Brain Injuries.
13.1017,131017,Education/Teaching of Individuals in Elementary Special Education Programs.
13.1018,131018,Education/Teaching of Individuals in Junior High/Middle School Special Education Programs.
13.1019,131019,Education/Teaching of Individuals in Secondary Special Education Programs.
13.1099,131099,"Special Education and Teaching, Other."
13.1101,131101,Counselor Education/School Counseling and Guidance Services.
13.1102,131102,College Student Counseling and Personnel Services.
13.1199,131199,"Student Counseling and Personnel Services, Other."
13.1201,131201,Adult and Continuing Education and Teaching.
13.1202,131202,Elementary Education and Teaching.
13.1203,131203,Junior High/Intermediate/Middle School Education and Teaching.
13.1205,131205,Secondary Education and Teaching.
13.1206,131206,"Teacher Education, Multiple Levels."
13.1207,131207,Montessori Teacher Education.
13.1208,131208,Waldorf/Steiner Teacher Education.
13.1209,131209,Kindergarten/Preschool Education and Teaching.
13.1210,131210,Early Childhood Education and Teaching.
13.1299,131299,"Teacher Education and Professional Development, Specific Levels and Methods, Other."
13.1301,131301,Agricultural Teacher Education.
13.1302,131302,Art Teacher Education.
13.1303,131303,Business Teacher Education.
13.1304,131304,Driver and Safety Teacher Education.
13.1305,131305,English/Language Arts Teacher Education.
13.1306,131306,Foreign Language Teacher  Education.
13.1307,131307,Health Teacher Education.
13.1308,131308,Family and Consumer Sciences/Home Economics Teacher Education.
13.1309,131309,Technology Teacher Education/Industrial Arts Teacher Education.
13.1310,131310,Sales and Marketing Operations/Marketing and Distribution   Teacher Education.
13.1311,131311,Mathematics Teacher Education.
13.1312,131312,Music Teacher Education.
13.1314,131314,Physical Education Teaching and Coaching.
13.1315,131315,Reading Teacher Education.
13.1316,131316,Science Teacher Education/General Science Teacher Education.
13.1317,131317,Social Science Teacher Education.
13.1318,131318,Social Studies Teacher Education.
13.1319,131319,Technical Teacher Education.
13.1320,131320,Trade and Industrial Teacher Education.
13.1321,131321,Computer Teacher Education.
13.1322,131322,Biology Teacher Education.
13.1323,131323,Chemistry Teacher Education.
13.1324,131324,Drama and Dance Teacher Education.
13.1325,131325,French Language Teacher Education.
13.1326,131326,German Language Teacher Education.
13.1327,131327,Health Occupations Teacher Education.
13.1328,131328,History Teacher Education.
13.1329,131329,Physics Teacher Education.
13.1330,131330,Spanish Language Teacher Education.
13.1331,131331,Speech Teacher Education.
13.1332,131332,Geography Teacher Education.
13.1333,131333,Latin Teacher Education.
13.1334,131334,School Librarian/School Library Media Specialist.
13.1335,131335,Psychology Teacher Education.
13.1337,131337,Earth Science Teacher Education.
13.1338,131338,Environmental Education.
13.1399,131399,"Teacher Education and Professional Development, Specific Subject Areas, Other."
13.1401,131401,Teaching English as a Second or Foreign Language/ESL Language Instructor.
13.1402,131402,Teaching French as a Second or Foreign Language.
13.1499,131499,"Teaching English or French as a Second or Foreign Language, Other."
13.1501,131501,Teacher Assistant/Aide.
13.1502,131502,Adult Literacy Tutor/Instructor.
13.1599,131599,"Teaching Assistants/Aides, Other."
13.9999,139999,"Education, Other."
14.0101,140101,"Engineering, General."
14.0102,140102,Pre-Engineering.
14.0201,140201,"Aerospace, Aeronautical and Astronautical/Space Engineering."
14.0301,140301,Agricultural Engineering.
14.0401,140401,Architectural Engineering.
14.0501,140501,Bioengineering and Biomedical Engineering.
14.0601,140601,Ceramic Sciences and Engineering.
14.0701,140701,Chemical Engineering.
14.0702,140702,Chemical and Biomolecular Engineering.
14.0799,140799,"Chemical Engineering, Other."
14.0801,140801,"Civil Engineering, General."
14.0802,140802,Geotechnical and Geoenvironmental Engineering.
14.0803,140803,Structural Engineering.
14.0804,140804,Transportation and Highway Engineering.
14.0805,140805,Water Resources Engineering.
14.0899,140899,"Civil Engineering, Other."
14.0901,140901,"Computer Engineering, General."
14.0902,140902,Computer Hardware Engineering.
14.0903,140903,Computer Software Engineering.
14.0999,140999,"Computer Engineering, Other."
14.1001,141001,Electrical and Electronics Engineering
14.1003,141003,Laser and Optical Engineering.
14.1004,141004,Telecommunications Engineering.
14.1099,141099,"Electrical, Electronics and Communications Engineering, Other."
14.1101,141101,Engineering Mechanics.
14.1201,141201,Engineering Physics/Applied Physics.
14.1301,141301,Engineering Science.
14.1401,141401,Environmental/Environmental Health Engineering.
14.1801,141801,Materials Engineering.
14.1901,141901,Mechanical Engineering.
14.2001,142001,Metallurgical Engineering.
14.2101,142101,Mining and Mineral Engineering.
14.2201,142201,Naval Architecture and Marine Engineering.
14.2301,142301,Nuclear Engineering.
14.2401,142401,Ocean Engineering.
14.2501,142501,Petroleum Engineering.
14.2701,142701,Systems Engineering.
14.2801,142801,Textile Sciences and Engineering.
14.3101,143101,Materials Science.
14.3201,143201,Polymer/Plastics Engineering.
14.3301,143301,Construction Engineering.
14.3401,143401,Forest Engineering.
14.3501,143501,Industrial Engineering.
14.3601,143601,Manufacturing Engineering.
14.3701,143701,Operations Research.
14.3801,143801,Surveying Engineering.
14.3901,143901,Geological/Geophysical Engineering.
14.4001,144001,Paper Science and Engineering.
14.4101,144101,Electromechanical Engineering.
14.4201,144201,"Mechatronics, Robotics, and Automation Engineering."
14.4301,144301,Biochemical Engineering.
14.4401,144401,Engineering Chemistry.
14.4501,144501,Biological/Biosystems Engineering.
14.9999,149999,"Engineering, Other."
15.0000,150000,"Engineering Technology, General."
15.0101,150101,Architectural Engineering Technology/Technician.
15.0201,150201,Civil Engineering Technology/Technician.
15.0303,150303,"Electrical, Electronic and Communications Engineering Technology/Technician."
15.0304,150304,Laser and Optical Technology/Technician.
15.0305,150305,Telecommunications Technology/Technician.
15.0306,150306,Integrated Circuit Design.
15.0399,150399,"Electrical and Electronic Engineering Technologies/Technicians, Other."
15.0401,150401,Biomedical Technology/Technician.
15.0403,150403,Electromechanical Technology/Electromechanical Engineering Technology.
15.0404,150404,Instrumentation Technology/Technician.
15.0405,150405,Robotics Technology/Technician.
15.0406,150406,Automation Engineer Technology/Technician.
15.0499,150499,"Electromechanical and Instrumentation and Maintenance Technologies/Technicians, Other."
15.0501,150501,"Heating, Ventilation, Air Conditioning and Refrigeration Engineering Technology/Technician."
15.0503,150503,Energy Management and Systems Technology/Technician.
15.0505,150505,Solar Energy Technology/Technician.
15.0506,150506,Water Quality and Wastewater Treatment Management and Recycling Technology/Technician.
15.0507,150507,Environmental Engineering Technology/Environmental Technology.
15.0508,150508,Hazardous Materials Management and Waste Technology/Technician.
15.0599,150599,"Environmental Control Technologies/Technicians, Other."
15.0607,150607,Plastics and Polymer Engineering Technology/Technician.
15.0611,150611,Metallurgical Technology/Technician.
15.0612,150612,Industrial Technology/Technician.
15.0613,150613,Manufacturing Engineering Technology/Technician.
15.0614,150614,Welding Engineering Technology/Technician.
15.0615,150615,Chemical Engineering Technology/Technician.
15.0616,150616,Semiconductor Manufacturing Technology.
15.0699,150699,"Industrial Production Technologies/Technicians, Other."
15.0701,150701,Occupational Safety and Health Technology/Technician.
15.0702,150702,Quality Control Technology/Technician.
15.0703,150703,Industrial Safety Technology/Technician.
15.0704,150704,Hazardous Materials Information Systems Technology/Technician.
15.0799,150799,"Quality Control and Safety Technologies/Technicians, Other."
15.0801,150801,Aeronautical/Aerospace Engineering Technology/Technician.
15.0803,150803,Automotive Engineering Technology/Technician.
15.0805,150805,Mechanical Engineering/Mechanical Technology/Technician.
15.0899,150899,"Mechanical Engineering Related Technologies/Technicians, Other."
15.0901,150901,Mining Technology/Technician.
15.0903,150903,Petroleum Technology/Technician.
15.0999,150999,"Mining and Petroleum Technologies/Technicians, Other."
15.1001,151001,Construction Engineering Technology/Technician.
15.1102,151102,Surveying Technology/Surveying.
15.1103,151103,Hydraulics and Fluid Power Technology/Technician.
15.1199,151199,"Engineering-Related Technologies, Other."
15.1201,151201,Computer Engineering Technology/Technician.
15.1202,151202,Computer Technology/Computer Systems Technology.
15.1203,151203,Computer Hardware Technology/Technician.
15.1204,151204,Computer Software Technology/Technician.
15.1299,151299,"Computer Engineering Technologies/Technicians, Other."
15.1301,151301,"Drafting and Design Technology/Technician, General."
15.1302,151302,CAD/CADD Drafting and/or Design Technology/Technician.
15.1303,151303,Architectural Drafting and Architectural CAD/CADD.
15.1304,151304,Civil Drafting and Civil Engineering CAD/CADD.
15.1305,151305,Electrical/Electronics Drafting and Electrical/Electronics CAD/CADD.
15.1306,151306,Mechanical Drafting and Mechanical Drafting CAD/CADD.
15.1399,151399,"Drafting/Design Engineering Technologies/Technicians, Other."
15.1401,151401,Nuclear Engineering Technology/Technician.
15.1501,151501,Engineering/Industrial Management.
15.1502,151502,Engineering Design.
15.1503,151503,Packaging Science.
15.1599,151599,"Engineering-Related Fields, Other."
15.1601,151601,Nanotechnology.
15.9999,159999,"Engineering Technologies and Engineering-Related Fields, Other."
16.0101,160101,"Foreign Languages and Literatures, General."
16.0102,160102,Linguistics.
16.0103,160103,Language Interpretation and Translation.
16.0104,160104,Comparative Literature.
16.0105,160105,Applied Linguistics.
16.0199,160199,"Linguistic, Comparative, and Related Language Studies and Services, Other."
16.0201,160201,"African Languages, Literatures, and Linguistics."
16.0300,160300,"East Asian Languages, Literatures, and Linguistics, General."
16.0301,160301,Chinese Language and Literature.
16.0302,160302,Japanese Language and Literature.
16.0303,160303,Korean Language and Literature.
16.0304,160304,Tibetan Language and Literature.
16.0399,160399,"East Asian Languages, Literatures, and Linguistics, Other."
16.0400,160400,"Slavic Languages, Literatures, and Linguistics, General."
16.0401,160401,"Baltic Languages, Literatures, and Linguistics."
16.0402,160402,Russian Language and Literature.
16.0404,160404,Albanian Language and Literature.
16.0405,160405,Bulgarian Language and Literature.
16.0406,160406,Czech Language and Literature.
16.0407,160407,Polish Language and Literature.
16.0408,160408,"Bosnian, Serbian, and Croatian Languages and Literatures."
16.0409,160409,Slovak Language and Literature.
16.0410,160410,Ukrainian Language and Literature.
16.0499,160499,"Slavic, Baltic, and Albanian Languages, Literatures, and Linguistics, Other."
16.0500,160500,"Germanic Languages, Literatures, and Linguistics, General."
16.0501,160501,German Language and Literature.
16.0502,160502,"Scandinavian Languages, Literatures, and Linguistics."
16.0503,160503,Danish Language and Literature.
16.0504,160504,Dutch/Flemish Language and Literature.
16.0505,160505,Norwegian Language and Literature.
16.0506,160506,Swedish Language and Literature.
16.0599,160599,"Germanic Languages, Literatures, and Linguistics, Other."
16.0601,160601,Modern Greek Language and Literature.
16.0700,160700,"South Asian Languages, Literatures, and Linguistics, General."
16.0701,160701,Hindi Language and Literature.
16.0702,160702,"Sanskrit and Classical Indian Languages, Literatures, and Linguistics."
16.0704,160704,Bengali Language and Literature.
16.0705,160705,Punjabi Language and Literature.
16.0706,160706,Tamil Language and Literature.
16.0707,160707,Urdu Language and Literature.
16.0799,160799,"South Asian Languages, Literatures, and Linguistics, Other."
16.0801,160801,"Iranian Languages, Literatures, and Linguistics."
16.0900,160900,"Romance Languages, Literatures, and Linguistics, General."
16.0901,160901,French Language and Literature.
16.0902,160902,Italian Language and Literature.
16.0904,160904,Portuguese Language and Literature.
16.0905,160905,Spanish Language and Literature.
16.0906,160906,Romanian Language and Literature.
16.0907,160907,Catalan Language and Literature.
16.0908,160908,"Hispanic and Latin American Languages, Literatures, and Linguistics, General."
16.0999,160999,"Romance Languages, Literatures, and Linguistics, Other."
16.1001,161001,"American Indian/Native American Languages, Literatures, and Linguistics."
16.1100,161100,"Middle/Near Eastern and Semitic Languages, Literatures, and Linguistics, General."
16.1101,161101,Arabic Language and Literature.
16.1102,161102,Hebrew Language and Literature.
16.1103,161103,"Ancient Near Eastern and Biblical Languages, Literatures, and Linguistics."
16.1199,161199,"Middle/Near Eastern and Semitic Languages, Literatures, and Linguistics, Other."
16.1200,161200,"Classics and Classical Languages, Literatures, and Linguistics, General."
16.1202,161202,Ancient/Classical Greek Language and Literature.
16.1203,161203,Latin Language and Literature.
16.1299,161299,"Classics and Classical Languages, Literatures, and Linguistics, Other."
16.1301,161301,"Celtic Languages, Literatures, and Linguistics."
16.1400,161400,"Southeast Asian Languages, Literatures, and Linguistics, General."
16.1401,161401,"Australian/Oceanic/Pacific Languages, Literatures, and Linguistics."
16.1402,161402,Indonesian/Malay Languages and Literatures.
16.1403,161403,Burmese Language and Literature.
16.1404,161404,Filipino/Tagalog Language and Literature.
16.1405,161405,Khmer/Cambodian Language and Literature.
16.1406,161406,Lao Language and Literature.
16.1407,161407,Thai Language and Literature.
16.1408,161408,Vietnamese Language and Literature.
16.1499,161499,"Southeast Asian and Australasian/Pacific Languages, Literatures, and Linguistics, Other."
16.1501,161501,Turkish Language and Literature.
16.1502,161502,"Uralic Languages, Literatures, and Linguistics."
16.1503,161503,Hungarian/Magyar Language and Literature.
16.1504,161504,Mongolian Language and Literature.
16.1599,161599,"Turkic, Uralic-Altaic, Caucasian, and Central Asian Languages, Literatures, and Linguistics, Other."
16.1601,161601,American Sign Language (ASL).
16.1602,161602,Linguistics of ASL and Other Sign Languages.
16.1603,161603,Sign Language Interpretation and Translation.
16.1699,161699,"American Sign Language, Other."
16.9999,169999,"Foreign Languages, Literatures, and Linguistics, Other."
19.0000,190000,Work and Family Studies.
19.0101,190101,"Family and Consumer Sciences/Human Sciences, General."
19.0201,190201,Business Family and Consumer Sciences/Human Sciences.
19.0202,190202,Family and Consumer Sciences/Human Sciences Communication.
19.0203,190203,Consumer Merchandising/Retailing Management.
19.0299,190299,"Family and Consumer Sciences/Human Sciences Business Services, Other."
19.0401,190401,"Family Resource Management Studies, General."
19.0402,190402,Consumer Economics.
19.0403,190403,Consumer Services and Advocacy.
19.0499,190499,"Family and Consumer Economics and Related Services, Other."
19.0501,190501,"Foods, Nutrition, and Wellness Studies, General."
19.0504,190504,Human Nutrition.
19.0505,190505,Foodservice Systems Administration/Management.
19.0599,190599,"Foods, Nutrition, and Related Services, Other."
19.0601,190601,"Housing and Human Environments, General."
19.0604,190604,Facilities Planning and Management.
19.0605,190605,Home Furnishings and Equipment Installers.
19.0699,190699,"Housing and Human Environments, Other."
19.0701,190701,"Human Development and Family Studies, General."
19.0702,190702,Adult Development and Aging.
19.0704,190704,Family Systems.
19.0706,190706,Child Development.
19.0707,190707,Family and Community Services.
19.0708,190708,Child Care and Support Services Management.
19.0709,190709,Child Care Provider/Assistant.
19.0710,190710,Developmental Services Worker.
19.0799,190799,"Human Development, Family Studies, and Related Services, Other."
19.0901,190901,"Apparel and Textiles, General."
19.0902,190902,Apparel and Textile Manufacture.
19.0904,190904,Textile Science.
19.0905,190905,Apparel and Textile Marketing Management.
19.0906,190906,Fashion and Fabric Consultant.
19.0999,190999,"Apparel and Textiles, Other."
19.9999,199999,"Family and Consumer Sciences/Human Sciences, Other."
21.0101,210101,Technology Education/Industrial Arts.
22.0000,220000,"Legal Studies, General."
22.0001,220001,Pre-Law Studies.
22.0101,220101,Law.
22.0201,220201,"Advanced Legal Research/Studies, General."
22.0202,220202,Programs for Foreign Lawyers.
22.0203,220203,American/U.S. Law/Legal Studies/Jurisprudence.
22.0204,220204,Canadian Law/Legal Studies/Jurisprudence.
22.0205,220205,"Banking, Corporate, Finance, and Securities Law."
22.0206,220206,Comparative Law.
22.0207,220207,"Energy, Environment, and Natural Resources Law."
22.0208,220208,Health Law.
22.0209,220209,International Law and Legal Studies.
22.0210,220210,"International Business, Trade, and Tax Law."
22.0211,220211,Tax Law/Taxation.
22.0212,220212,Intellectual Property Law.
22.0299,220299,"Legal Research and Advanced Professional Studies, Other."
22.0301,220301,Legal Administrative Assistant/Secretary.
22.0302,220302,Legal Assistant/Paralegal.
22.0303,220303,Court Reporting/Court Reporter.
22.0399,220399,"Legal Support Services, Other."
22.9999,229999,"Legal Professions and Studies, Other."
23.0101,230101,"English Language and Literature, General."
23.0401,230401,English Composition.
23.0501,230501,Creative Writing.
23.0701,230701,American Literature (United States).
23.0702,230702,American Literature (Canadian).
23.0801,230801,English Literature (British and Commonwealth).
23.1001,231001,Speech and Rhetorical Studies.
23.1101,231101,Technical and Business Writing.
23.1301,231301,"Writing, General."
23.1302,231302,Creative Writing.
23.1303,231303,"Professional, Technical, Business, and Scientific Writing."
23.1304,231304,Rhetoric and Composition.
23.1399,231399,"Rhetoric and Composition/Writing Studies, Other."
23.1401,231401,General Literature.
23.1402,231402,American Literature (United States).
23.1403,231403,American Literature (Canadian).
23.1404,231404,English Literature (British and Commonwealth).
23.1405,231405,Children's and Adolescent Literature.
23.1499,231499,"Literature, Other."
23.9999,239999,"English Language and Literature/Letters, Other."
24.0101,240101,Liberal Arts and Sciences/Liberal Studies.
24.0102,240102,General Studies.
24.0103,240103,Humanities/Humanistic Studies.
24.0199,240199,"Liberal Arts and Sciences, General Studies and Humanities, Other."
25.0101,250101,Library and Information Science.
25.0102,250102,Children and Youth Library Services.
25.0103,250103,Archives/Archival Administration.
25.0199,250199,"Library Science and Administration, Other."
25.0301,250301,Library and Archives Assisting.
25.9999,259999,"Library Science, Other."
26.0101,260101,"Biology/Biological Sciences, General."
26.0102,260102,"Biomedical Sciences, General."
26.0202,260202,Biochemistry.
26.0203,260203,Biophysics.
26.0204,260204,Molecular Biology.
26.0205,260205,Molecular Biochemistry.
26.0206,260206,Molecular Biophysics.
26.0207,260207,Structural Biology.
26.0208,260208,Photobiology.
26.0209,260209,Radiation Biology/Radiobiology.
26.0210,260210,Biochemistry and Molecular Biology.
26.0299,260299,"Biochemistry, Biophysics and Molecular Biology, Other."
26.0301,260301,Botany/Plant Biology.
26.0305,260305,Plant Pathology/Phytopathology.
26.0307,260307,Plant Physiology.
26.0308,260308,Plant Molecular Biology.
26.0399,260399,"Botany/Plant Biology, Other."
26.0401,260401,Cell/Cellular Biology and Histology.
26.0403,260403,Anatomy.
26.0404,260404,Developmental Biology and Embryology.
26.0405,260405,Neuroanatomy.
26.0406,260406,Cell/Cellular and Molecular Biology.
26.0407,260407,Cell Biology and Anatomy.
26.0499,260499,"Cell/Cellular Biology and Anatomical Sciences, Other."
26.0502,260502,"Microbiology, General."
26.0503,260503,Medical Microbiology and Bacteriology.
26.0504,260504,Virology.
26.0505,260505,Parasitology.
26.0506,260506,Mycology.
26.0507,260507,Immunology.
26.0508,260508,Microbiology and Immunology.
26.0599,260599,"Microbiological Sciences and Immunology, Other."
26.0701,260701,Zoology/Animal Biology.
26.0702,260702,Entomology.
26.0707,260707,Animal Physiology.
26.0708,260708,Animal Behavior and Ethology.
26.0709,260709,Wildlife Biology.
26.0799,260799,"Zoology/Animal Biology, Other."
26.0801,260801,"Genetics, General."
26.0802,260802,Molecular Genetics.
26.0803,260803,Microbial and Eukaryotic Genetics.
26.0804,260804,Animal Genetics.
26.0805,260805,Plant Genetics.
26.0806,260806,Human/Medical Genetics.
26.0807,260807,Genome Sciences/Genomics.
26.0899,260899,"Genetics, Other."
26.0901,260901,"Physiology, General."
26.0902,260902,Molecular Physiology.
26.0903,260903,Cell Physiology.
26.0904,260904,Endocrinology.
26.0905,260905,Reproductive Biology.
26.0906,260906,Neurobiology and Neurophysiology.
26.0907,260907,Cardiovascular Science.
26.0908,260908,Exercise Physiology.
26.0909,260909,Vision Science/Physiological Optics.
26.0910,260910,Pathology/Experimental Pathology.
26.0911,260911,Oncology and Cancer Biology.
26.0912,260912,Aerospace Physiology and Medicine.
26.0999,260999,"Physiology, Pathology, and Related Sciences, Other."
26.1001,261001,Pharmacology.
26.1002,261002,Molecular Pharmacology.
26.1003,261003,Neuropharmacology.
26.1004,261004,Toxicology.
26.1005,261005,Molecular Toxicology.
26.1006,261006,Environmental Toxicology.
26.1007,261007,Pharmacology and Toxicology.
26.1099,261099,"Pharmacology and Toxicology, Other."
26.1101,261101,Biometry/Biometrics.
26.1102,261102,Biostatistics.
26.1103,261103,Bioinformatics.
26.1104,261104,Computational Biology.
26.1199,261199,"Biomathematics, Bioinformatics, and Computational Biology, Other."
26.1201,261201,Biotechnology.
26.1301,261301,Ecology.
26.1302,261302,Marine Biology and Biological Oceanography.
26.1303,261303,Evolutionary Biology.
26.1304,261304,Aquatic Biology/Limnology.
26.1305,261305,Environmental Biology.
26.1306,261306,Population Biology.
26.1307,261307,Conservation Biology.
26.1308,261308,Systematic Biology/Biological Systematics.
26.1309,261309,Epidemiology.
26.1310,261310,Ecology and Evolutionary Biology.
26.1399,261399,"Ecology, Evolution, Systematics and Population Biology, Other."
26.1401,261401,Molecular Medicine.
26.1501,261501,Neuroscience.
26.1502,261502,Neuroanatomy.
26.1503,261503,Neurobiology and Anatomy.
26.1504,261504,Neurobiology and Behavior.
26.1599,261599,"Neurobiology and Neurosciences, Other."
26.9999,269999,"Biological and Biomedical Sciences, Other."
27.0101,270101,"Mathematics, General."
27.0102,270102,Algebra and Number Theory.
27.0103,270103,Analysis and Functional Analysis.
27.0104,270104,Geometry/Geometric Analysis.
27.0105,270105,Topology and Foundations.
27.0199,270199,"Mathematics, Other."
27.0301,270301,"Applied Mathematics, General."
27.0303,270303,Computational Mathematics.
27.0304,270304,Computational and Applied Mathematics.
27.0305,270305,Financial Mathematics.
27.0306,270306,Mathematical Biology.
27.0399,270399,"Applied Mathematics, Other."
27.0501,270501,"Statistics, General."
27.0502,270502,Mathematical Statistics and Probability.
27.0503,270503,Mathematics and Statistics.
27.0599,270599,"Statistics, Other."
27.9999,279999,"Mathematics and Statistics, Other."
28.0101,280101,Air Force JROTC/ROTC.
28.0199,280199,"Air Force ROTC, Air Science and Operations, Other."
28.0301,280301,Army JROTC/ROTC.
28.0399,280399,"Army ROTC, Military Science and Operations, Other."
28.0401,280401,Navy/Marine Corps JROTC/ROTC.
28.0499,280499,"Navy/Marine Corps ROTC, Naval Science and Operations, Other."
28.0501,280501,Air Science/Airpower Studies.
28.0502,280502,Air and Space Operational Art and Science.
28.0503,280503,Military Operational Art and Science/Studies.
28.0504,280504,Advanced Military and Operational Studies.
28.0505,280505,Naval Science and Operational Studies.
28.0506,280506,"Special, Irregular and Counterterrorist Operations."
28.0599,280599,"Military Science and Operational Studies, Other."
28.0601,280601,"Strategic Studies, General."
28.0602,280602,Military and Strategic Leadership.
28.0603,280603,Military and International Operational Law.
28.0604,280604,Joint Operations Planning and Strategy.
28.0605,280605,Weapons of Mass Destruction.
28.0699,280699,"National Security Policy and Strategy, Other."
28.0701,280701,National Resource Strategy and Policy.
28.0702,280702,Industry Studies.
28.0703,280703,Military Installation Management.
28.0799,280799,"Military Economics and Management, Other."
28.9999,289999,"Military Science, Leadership and Operational Art, Other."
29.0101,290101,Military Technologies.
29.0201,290201,"Intelligence, General."
29.0202,290202,Strategic Intelligence.
29.0203,290203,Signal/Geospatial Intelligence.
29.0204,290204,"Command & Control (C3, C4I) Systems and Operations."
29.0205,290205,Information Operations/Joint Information Operations.
29.0206,290206,Information/Psychological Warfare and Military Media Relations.
29.0207,290207,Cyber/Electronic Operations and Warfare.
29.0299,290299,"Intelligence, Command Control and Information Operations, Other."
29.0301,290301,Combat Systems Engineering.
29.0302,290302,Directed Energy Systems.
29.0303,290303,Engineering Acoustics.
29.0304,290304,Low-Observables and Stealth Technology.
29.0305,290305,Space Systems Operations.
29.0306,290306,Operational Oceanography.
29.0307,290307,Undersea Warfare.
29.0399,290399,"Military Applied Sciences, Other."
29.0401,290401,Aerospace Ground Equipment Technology.
29.0402,290402,Air and Space Operations Technology.
29.0403,290403,Aircraft Armament Systems Technology.
29.0404,290404,Explosive Ordinance/Bomb Disposal.
29.0405,290405,"Joint Command/Task Force (C3, C4I) Systems."
29.0406,290406,Military Information Systems Technology.
29.0407,290407,Missile and Space Systems Technology.
29.0408,290408,Munitions Systems/Ordinance Technology.
29.0409,290409,Radar Communications and Systems Technology.
29.0499,290499,"Military Systems and Maintenance Technology, Other."
29.9999,299999,"Military Technologies and Applied Sciences, Other."
30.0000,300000,"Multi-/Interdisciplinary Studies, General."
30.0101,300101,Biological and Physical Sciences.
30.0501,300501,Peace Studies and Conflict Resolution.
30.0601,300601,Systems Science and Theory.
30.0801,300801,Mathematics and Computer Science.
30.1001,301001,Biopsychology.
30.1101,301101,Gerontology.
30.1201,301201,Historic Preservation and Conservation.
30.1202,301202,Cultural Resource Management and Policy Analysis.
30.1299,301299,"Historic Preservation and Conservation, Other."
30.1301,301301,Medieval and Renaissance Studies.
30.1401,301401,Museology/Museum Studies.
30.1501,301501,"Science, Technology and Society."
30.1601,301601,Accounting and Computer Science.
30.1701,301701,Behavioral Sciences.
30.1801,301801,Natural Sciences.
30.1901,301901,Nutrition Sciences.
30.2001,302001,International/Global Studies.
30.2101,302101,Holocaust and Related Studies.
30.2201,302201,Ancient Studies/Civilization.
30.2202,302202,"Classical, Ancient Mediterranean and Near Eastern Studies and Archaeology."
30.2301,302301,Intercultural/Multicultural and Diversity Studies.
30.2401,302401,Neuroscience.
30.2501,302501,Cognitive Science.
30.2601,302601,Cultural Studies/Critical Theory and Analysis.
30.2701,302701,Human Biology.
30.2801,302801,Dispute Resolution.
30.2901,302901,Maritime Studies.
30.3001,303001,Computational Science.
30.3101,303101,Human Computer Interaction.
30.3201,303201,Marine Sciences.
30.3301,303301,Sustainability Studies.
30.9999,309999,"Multi-/Interdisciplinary Studies, Other."
31.0101,310101,"Parks, Recreation and Leisure Studies."
31.0301,310301,"Parks, Recreation and Leisure Facilities Management, General."
31.0302,310302,Golf Course Operation and Grounds Management.
31.0399,310399,"Parks, Recreation and Leisure Facilities Management, Other."
31.0501,310501,"Health and Physical Education/Fitness, General."
31.0504,310504,Sport and Fitness Administration/Management.
31.0505,310505,Kinesiology and Exercise Science.
31.0507,310507,Physical Fitness Technician.
31.0508,310508,Sports Studies.
31.0599,310599,"Health and Physical Education/Fitness, Other."
31.0601,310601,Outdoor Education.
31.9999,319999,"Parks, Recreation, Leisure, and Fitness Studies, Other."
32.0101,320101,"Basic Skills and Developmental/Remedial Education, General."
32.0104,320104,Developmental/Remedial Mathematics.
32.0105,320105,Job-Seeking/Changing Skills.
32.0107,320107,Career Exploration/Awareness Skills.
32.0108,320108,Developmental/Remedial English.
32.0109,320109,Second Language Learning.
32.0110,320110,Basic Computer Skills.
32.0111,320111,Workforce Development and Training.
32.0199,320199,"Basic Skills and Developmental/Remedial Education, Other."
33.0101,330101,"Citizenship Activities, General."
33.0102,330102,American Citizenship Education.
33.0103,330103,Community Awareness.
33.0104,330104,Community Involvement.
33.0105,330105,Canadian Citizenship Education.
33.0199,330199,"Citizenship Activities, Other."
34.0102,340102,Birthing and Parenting Knowledge and Skills.
34.0103,340103,Personal Health Improvement and Maintenance.
34.0104,340104,Addiction Prevention and Treatment.
34.0199,340199,"Health-Related Knowledge and Skills, Other."
35.0101,350101,"Interpersonal and Social Skills, General."
35.0102,350102,Interpersonal Relationships Skills.
35.0103,350103,Business and Social Skills.
35.0199,350199,"Interpersonal Social Skills, Other."
36.0101,360101,"Leisure and Recreational Activities, General."
36.0102,360102,Handicrafts and Model-Making.
36.0103,360103,"Board, Card and Role-Playing Games."
36.0105,360105,Home Maintenance and Improvement.
36.0106,360106,Nature Appreciation.
36.0107,360107,Pet Ownership and Care.
36.0108,360108,Sports and Exercise.
36.0109,360109,Travel and Exploration.
36.0110,360110,Art.
36.0111,360111,Collecting.
36.0112,360112,Cooking and Other Domestic Skills.
36.0113,360113,Computer Games and Programming Skills.
36.0114,360114,Dancing.
36.0115,360115,Music.
36.0116,360116,Reading.
36.0117,360117,Theatre/Theater.
36.0118,360118,Writing.
36.0119,360119,Aircraft Pilot (Private).
36.0199,360199,"Leisure and Recreational Activities, Other."
37.0101,370101,Self-Awareness and Personal Assessment.
37.0102,370102,Stress Management and Coping Skills.
37.0103,370103,Personal Decision-Making Skills.
37.0104,370104,Self-Esteem and Values Clarification.
37.0199,370199,"Personal Awareness and Self-Improvement, Other."
38.0001,380001,"Philosophy and Religious Studies, General."
38.0101,380101,Philosophy.
38.0102,380102,Logic.
38.0103,380103,Ethics.
38.0104,380104,Applied and Professional Ethics.
38.0199,380199,"Philosophy, Other."
38.0201,380201,Religion/Religious Studies.
38.0202,380202,Buddhist Studies.
38.0203,380203,Christian Studies.
38.0204,380204,Hindu Studies.
38.0205,380205,Islamic Studies.
38.0206,380206,Jewish/Judaic Studies.
38.0299,380299,"Religion/Religious Studies, Other."
38.9999,389999,"Philosophy and Religious Studies, Other."
39.0201,390201,Bible/Biblical Studies.
39.0301,390301,Missions/Missionary Studies and Missiology.
39.0401,390401,Religious Education.
39.0501,390501,Religious/Sacred Music.
39.0601,390601,Theology/Theological Studies.
39.0602,390602,Divinity/Ministry.
39.0604,390604,Pre-Theology/Pre-Ministerial Studies.
39.0605,390605,Rabbinical Studies.
39.0606,390606,Talmudic Studies.
39.0699,390699,"Theological and Ministerial Studies, Other."
39.0701,390701,Pastoral Studies/Counseling.
39.0702,390702,Youth Ministry.
39.0703,390703,Urban Ministry.
39.0704,390704,Women's Ministry.
39.0705,390705,Lay Ministry.
39.0799,390799,"Pastoral Counseling and Specialized Ministries, Other."
39.9999,399999,"Theology and Religious Vocations, Other."
40.0101,400101,Physical Sciences.
40.0201,400201,Astronomy.
40.0202,400202,Astrophysics.
40.0203,400203,Planetary Astronomy and Science.
40.0299,400299,"Astronomy and Astrophysics, Other."
40.0401,400401,"Atmospheric Sciences and Meteorology, General."
40.0402,400402,Atmospheric Chemistry and Climatology.
40.0403,400403,Atmospheric Physics and Dynamics.
40.0404,400404,Meteorology.
40.0499,400499,"Atmospheric Sciences and Meteorology, Other."
40.0501,400501,"Chemistry, General."
40.0502,400502,Analytical Chemistry.
40.0503,400503,Inorganic Chemistry.
40.0504,400504,Organic Chemistry.
40.0506,400506,Physical Chemistry.
40.0507,400507,Polymer Chemistry.
40.0508,400508,Chemical Physics.
40.0509,400509,Environmental Chemistry.
40.0510,400510,Forensic Chemistry.
40.0511,400511,Theoretical Chemistry.
40.0599,400599,"Chemistry, Other."
40.0601,400601,"Geology/Earth Science, General."
40.0602,400602,Geochemistry.
40.0603,400603,Geophysics and Seismology.
40.0604,400604,Paleontology.
40.0605,400605,Hydrology and Water Resources Science.
40.0606,400606,Geochemistry and Petrology.
40.0607,400607,"Oceanography, Chemical and Physical."
40.0699,400699,"Geological and Earth Sciences/Geosciences, Other."
40.0801,400801,"Physics, General."
40.0802,400802,Atomic/Molecular Physics.
40.0804,400804,Elementary Particle Physics.
40.0805,400805,Plasma and High-Temperature Physics.
40.0806,400806,Nuclear Physics.
40.0807,400807,Optics/Optical Sciences.
40.0808,400808,Condensed Matter and Materials Physics.
40.0809,400809,Acoustics.
40.0810,400810,Theoretical and Mathematical Physics.
40.0899,400899,"Physics, Other."
40.1001,401001,Materials Science.
40.1002,401002,Materials Chemistry.
40.1099,401099,"Materials Sciences, Other."
40.9999,409999,"Physical Sciences, Other."
41.0000,410000,"Science Technologies/Technicians, General."
41.0101,410101,Biology Technician/Biotechnology Laboratory Technician.
41.0204,410204,Industrial Radiologic Technology/Technician.
41.0205,410205,Nuclear/Nuclear Power Technology/Technician.
41.0299,410299,"Nuclear and Industrial Radiologic Technologies/Technicians, Other."
41.0301,410301,Chemical Technology/Technician.
41.0303,410303,Chemical Process Technology.
41.0399,410399,"Physical Science Technologies/Technicians, Other."
41.9999,419999,"Science Technologies/Technicians, Other."
42.0101,420101,"Psychology, General."
42.0201,420201,Clinical Psychology.
42.0301,420301,Cognitive Psychology and Psycholinguistics.
42.0401,420401,Community Psychology.
42.0501,420501,Comparative Psychology.
42.0601,420601,Counseling Psychology.
42.0701,420701,Developmental and Child Psychology.
42.0801,420801,Experimental Psychology.
42.0901,420901,Industrial and Organizational Psychology.
42.1001,421001,Personality Psychology.
42.1101,421101,Physiological Psychology/Psychobiology.
42.1601,421601,Social Psychology.
42.1701,421701,School Psychology.
42.1801,421801,Educational Psychology.
42.1901,421901,Psychometrics and Quantitative Psychology.
42.2001,422001,Clinical Child Psychology.
42.2101,422101,Environmental Psychology.
42.2201,422201,Geropsychology.
42.2301,422301,Health/Medical Psychology.
42.2401,422401,Psychopharmacology.
42.2501,422501,Family Psychology.
42.2601,422601,Forensic Psychology.
42.2701,422701,Cognitive Psychology and Psycholinguistics.
42.2702,422702,Comparative Psychology.
42.2703,422703,Developmental and Child Psychology.
42.2704,422704,Experimental Psychology.
42.2705,422705,Personality Psychology.
42.2706,422706,Physiological Psychology/Psychobiology.
42.2707,422707,Social Psychology.
42.2708,422708,Psychometrics and Quantitative Psychology.
42.2709,422709,Psychopharmacology.
42.2799,422799,"Research and Experimental Psychology, Other."
42.2801,422801,Clinical Psychology.
42.2802,422802,Community Psychology.
42.2803,422803,Counseling Psychology.
42.2804,422804,Industrial and Organizational Psychology.
42.2805,422805,School Psychology.
42.2806,422806,Educational Psychology.
42.2807,422807,Clinical Child Psychology.
42.2808,422808,Environmental Psychology.
42.2809,422809,Geropsychology.
42.2810,422810,Health/Medical Psychology.
42.2811,422811,Family Psychology.
42.2812,422812,Forensic Psychology.
42.2813,422813,Applied Psychology.
42.2814,422814,Applied Behavior Analysis.
42.2899,422899,"Clinical, Counseling and Applied Psychology, Other."
42.9999,429999,"Psychology, Other."
43.0102,430102,Corrections.
43.0103,430103,Criminal Justice/Law Enforcement Administration.
43.0104,430104,Criminal Justice/Safety Studies.
43.0106,430106,Forensic Science and Technology.
43.0107,430107,Criminal Justice/Police Science.
43.0109,430109,Security and Loss Prevention Services.
43.0110,430110,Juvenile Corrections.
43.0111,430111,Criminalistics and Criminal Science.
43.0112,430112,Securities Services Administration/Management.
43.0113,430113,Corrections Administration.
43.0114,430114,Law Enforcement Investigation and Interviewing.
43.0115,430115,Law Enforcement Record-Keeping and Evidence Management.
43.0116,430116,Cyber/Computer Forensics and Counterterrorism.
43.0117,430117,Financial Forensics and Fraud Investigation.
43.0118,430118,Law Enforcement Intelligence Analysis.
43.0119,430119,Critical Incident Response/Special Police Operations.
43.0120,430120,Protective Services Operations.
43.0121,430121,Suspension and Debarment Investigation.
43.0122,430122,Maritime Law Enforcement.
43.0123,430123,Cultural/Archaelogical Resources Protection.
43.0199,430199,"Corrections and Criminal Justice, Other."
43.0201,430201,Fire Prevention and Safety Technology/Technician.
43.0202,430202,Fire Services Administration.
43.0203,430203,Fire Science/Fire-fighting.
43.0204,430204,Fire Systems Technology.
43.0205,430205,Fire/Arson Investigation and Prevention.
43.0206,430206,Wildland/Forest Firefighting and Investigation.
43.0299,430299,"Fire Protection, Other."
43.0301,430301,Homeland Security.
43.0302,430302,Crisis/Emergency/Disaster Management.
43.0303,430303,Critical Infrastructure Protection.
43.0304,430304,Terrorism and Counterterrorism Operations.
43.0399,430399,"Homeland Security, Other."
43.9999,439999,"Homeland Security, Law Enforcement, Firefighting and Related Protective Services, Other."
44.0000,440000,"Human Services, General."
44.0201,440201,Community Organization and Advocacy.
44.0401,440401,Public Administration.
44.0501,440501,"Public Policy Analysis, General."
44.0502,440502,Education Policy Analysis.
44.0503,440503,Health Policy Analysis.
44.0504,440504,International Policy Analysis.
44.0599,440599,"Public Policy Analysis, Other."
44.0701,440701,Social Work.
44.0702,440702,Youth Services/Administration.
44.0799,440799,"Social Work, Other."
44.9999,449999,"Public Administration and Social Service Professions, Other."
45.0101,450101,"Social Sciences, General."
45.0102,450102,Research Methodology and Quantitative Methods.
45.0201,450201,Anthropology.
45.0202,450202,Physical and Biological Anthropology.
45.0203,450203,Medical Anthropology.
45.0204,450204,Cultural Anthropology.
45.0299,450299,"Anthropology, Other."
45.0301,450301,Archeology.
45.0401,450401,Criminology.
45.0501,450501,Demography and Population Studies.
45.0601,450601,"Economics, General."
45.0602,450602,Applied Economics.
45.0603,450603,Econometrics and Quantitative Economics.
45.0604,450604,Development Economics and International Development.
45.0605,450605,International Economics.
45.0699,450699,"Economics, Other."
45.0701,450701,Geography.
45.0702,450702,Geographic Information Science and Cartography.
45.0799,450799,"Geography, Other."
45.0901,450901,International Relations and Affairs.
45.0902,450902,National Security Policy Studies.
45.0999,450999,"International Relations and National Security Studies, Other."
45.1001,451001,"Political Science and Government, General."
45.1002,451002,American Government and Politics (United States).
45.1003,451003,Canadian Government and Politics.
45.1004,451004,Political Economy.
45.1099,451099,"Political Science and Government, Other."
45.1101,451101,Sociology.
45.1201,451201,Urban Studies/Affairs.
45.1301,451301,Sociology and Anthropology.
45.1401,451401,Rural Sociology.
45.9999,459999,"Social Sciences, Other."
46.0000,460000,"Construction Trades, General."
46.0101,460101,Mason/Masonry.
46.0201,460201,Carpentry/Carpenter.
46.0301,460301,"Electrical and Power Transmission Installation/Installer, General."
46.0302,460302,Electrician.
46.0303,460303,Lineworker.
46.0399,460399,"Electrical and Power Transmission Installers, Other."
46.0401,460401,Building/Property Maintenance.
46.0402,460402,Concrete Finishing/Concrete Finisher.
46.0403,460403,Building/Home/Construction Inspection/Inspector.
46.0404,460404,Drywall Installation/Drywaller.
46.0406,460406,Glazier.
46.0408,460408,Painting/Painter and Wall Coverer.
46.0410,460410,Roofer.
46.0411,460411,Metal Building Assembly/Assembler.
46.0412,460412,Building/Construction Site Management/Manager.
46.0413,460413,"Carpet, Floor, and Tile Worker."
46.0414,460414,Insulator.
46.0415,460415,Building Construction Technology.
46.0499,460499,"Building/Construction Finishing, Management, and Inspection, Other."
46.0502,460502,Pipefitting/Pipefitter and Sprinkler Fitter.
46.0503,460503,Plumbing Technology/Plumber.
46.0504,460504,Well Drilling/Driller.
46.0505,460505,Blasting/Blaster.
46.0599,460599,"Plumbing and Related Water Supply Services, Other."
46.9999,469999,"Construction Trades, Other."
47.0000,470000,"Mechanics and Repairers, General."
47.0101,470101,"Electrical/Electronics Equipment Installation and Repair, General."
47.0102,470102,Business Machine Repair.
47.0103,470103,Communications Systems Installation and Repair Technology.
47.0104,470104,Computer Installation and Repair Technology/Technician.
47.0105,470105,Industrial Electronics Technology/Technician.
47.0106,470106,Appliance Installation and Repair Technology/Technician.
47.0110,470110,"Security System Installation, Repair, and Inspection Technology/Technician."
47.0199,470199,"Electrical/Electronics Maintenance and Repair Technology, Other."
47.0201,470201,"Heating, Air Conditioning, Ventilation and Refrigeration Maintenance Technology/Technician."
47.0302,470302,Heavy Equipment Maintenance Technology/Technician.
47.0303,470303,Industrial Mechanics and Maintenance Technology.
47.0399,470399,"Heavy/Industrial Equipment Maintenance Technologies, Other."
47.0402,470402,Gunsmithing/Gunsmith.
47.0403,470403,Locksmithing and Safe Repair.
47.0404,470404,Musical Instrument Fabrication and Repair.
47.0408,470408,Watchmaking and Jewelrymaking.
47.0409,470409,Parts and Warehousing Operations and Maintenance Technology/Technician.
47.0499,470499,"Precision Systems Maintenance and Repair Technologies, Other."
47.0600,470600,"Vehicle Maintenance and Repair Technologies, General."
47.0603,470603,Autobody/Collision and Repair Technology/Technician.
47.0604,470604,Automobile/Automotive Mechanics Technology/Technician.
47.0605,470605,Diesel Mechanics Technology/Technician.
47.0606,470606,Small Engine Mechanics and Repair Technology/Technician.
47.0607,470607,Airframe Mechanics and Aircraft Maintenance Technology/Technician.
47.0608,470608,Aircraft Powerplant Technology/Technician.
47.0609,470609,Avionics Maintenance Technology/Technician.
47.0610,470610,Bicycle Mechanics and Repair Technology/Technician.
47.0611,470611,Motorcycle Maintenance and Repair Technology/Technician.
47.0612,470612,Vehicle Emissions Inspection and Maintenance Technology/Technician.
47.0613,470613,Medium/Heavy Vehicle and Truck Technology/Technician.
47.0614,470614,Alternative Fuel Vehicle Technology/Technician.
47.0615,470615,Engine Machinist.
47.0616,470616,Marine Maintenance/Fitter and Ship Repair Technology/Technician.
47.0617,470617,High Performance and Custom Engine Technician/Mechanic.
47.0618,470618,Recreation Vehicle (RV) Service Technician.
47.0699,470699,"Vehicle Maintenance and Repair Technologies, Other."
47.9999,479999,"Mechanic and Repair Technologies/Technicians, Other."
48.0000,480000,"Precision Production Trades, General."
48.0303,480303,Upholstery/Upholsterer.
48.0304,480304,"Shoe, Boot and Leather Repair."
48.0399,480399,"Leatherworking and Upholstery, Other."
48.0501,480501,Machine Tool Technology/Machinist.
48.0503,480503,Machine Shop Technology/Assistant.
48.0506,480506,Sheet Metal Technology/Sheetworking.
48.0507,480507,Tool and Die Technology/Technician.
48.0508,480508,Welding Technology/Welder.
48.0509,480509,Ironworking/Ironworker.
48.0510,480510,Computer Numerically Controlled (CNC) Machinist Technology/CNC Machinist.
48.0511,480511,Metal Fabricator.
48.0599,480599,"Precision Metal Working, Other."
48.0701,480701,"Woodworking, General."
48.0702,480702,Furniture Design and Manufacturing.
48.0703,480703,Cabinetmaking and Millwork.
48.0799,480799,"Woodworking, Other."
48.0801,480801,Boilermaking/Boilermaker.
48.9999,489999,"Precision Production, Other."
49.0101,490101,"Aeronautics/Aviation/Aerospace Science and Technology, General."
49.0102,490102,Airline/Commercial/Professional Pilot and Flight Crew.
49.0104,490104,Aviation/Airway Management and Operations.
49.0105,490105,Air Traffic Controller.
49.0106,490106,Airline Flight Attendant.
49.0108,490108,Flight Instructor.
49.0199,490199,"Air Transportation, Other."
49.0202,490202,Construction/Heavy Equipment/Earthmoving Equipment Operation.
49.0205,490205,Truck and Bus Driver/Commercial Vehicle Operator and Instructor.
49.0206,490206,Mobil Crane Operation/Operator.
49.0207,490207,Flagging and Traffic Control.
49.0208,490208,Railroad and Railway Transportation.
49.0299,490299,"Ground Transportation, Other."
49.0303,490303,Commercial Fishing.
49.0304,490304,"Diver, Professional and Instructor."
49.0309,490309,Marine Science/Merchant Marine Officer.
49.0399,490399,"Marine Transportation, Other."
49.9999,499999,"Transportation and Materials Moving, Other."
50.0101,500101,"Visual and Performing Arts, General."
50.0102,500102,Digital Arts.
50.0201,500201,"Crafts/Craft Design, Folk Art and Artisanry."
50.0301,500301,"Dance, General."
50.0302,500302,Ballet.
50.0399,500399,"Dance, Other."
50.0401,500401,"Design and Visual Communications, General."
50.0402,500402,Commercial and Advertising Art.
50.0404,500404,Industrial and Product Design.
50.0406,500406,Commercial Photography.
50.0407,500407,Fashion/Apparel Design.
50.0408,500408,Interior Design.
50.0409,500409,Graphic Design.
50.0410,500410,Illustration.
50.0411,500411,Game and Interactive Media Design.
50.0499,500499,"Design and Applied Arts, Other."
50.0501,500501,"Drama and Dramatics/Theatre Arts, General."
50.0502,500502,Technical Theatre/Theatre Design and Technology.
50.0504,500504,Playwriting and Screenwriting.
50.0505,500505,"Theatre Literature, History and Criticism."
50.0506,500506,Acting.
50.0507,500507,Directing and Theatrical Production.
50.0508,500508,Theatre/Theatre Arts Management.
50.0509,500509,Musical Theatre.
50.0510,500510,Costume Design.
50.0599,500599,"Dramatic/Theatre Arts and Stagecraft, Other."
50.0601,500601,Film/Cinema/Video Studies.
50.0602,500602,Cinematography and Film/Video Production.
50.0605,500605,Photography.
50.0607,500607,Documentary Production.
50.0699,500699,"Film/Video and Photographic Arts, Other."
50.0701,500701,"Art/Art Studies, General."
50.0702,500702,"Fine/Studio Arts, General."
50.0703,500703,"Art History, Criticism and Conservation."
50.0704,500704,Arts Management.
50.0705,500705,Drawing.
50.0706,500706,Intermedia/Multimedia.
50.0708,500708,Painting.
50.0709,500709,Sculpture.
50.0710,500710,Printmaking.
50.0711,500711,Ceramic Arts and Ceramics.
50.0712,500712,"Fiber, Textile and Weaving Arts."
50.0713,500713,Metal and Jewelry Arts.
50.0799,500799,"Fine Arts and Art Studies, Other."
50.0901,500901,"Music, General."
50.0902,500902,"Music History, Literature, and Theory."
50.0903,500903,"Music Performance, General."
50.0904,500904,Music Theory and Composition.
50.0905,500905,Musicology and Ethnomusicology.
50.0906,500906,Conducting.
50.0907,500907,Keyboard Instruments.
50.0908,500908,Voice and Opera.
50.0909,500909,Music Management and Merchandising.
50.0910,500910,Jazz/Jazz Studies.
50.0911,500911,Stringed Instruments.
50.0912,500912,Music Pedagogy.
50.0913,500913,Music Technology.
50.0914,500914,Brass Instruments.
50.0915,500915,Woodwind Instruments.
50.0916,500916,Percussion Instruments.
50.0999,500999,"Music, Other."
50.1001,501001,"Arts, Entertainment,and Media Management, General."
50.1002,501002,Fine and Studio Arts Management.
50.1003,501003,Music Management.
50.1004,501004,Theatre/Theatre Arts Management.
50.1099,501099,"Arts, Entertainment, and Media Management, Other."
50.9999,509999,"Visual and Performing Arts, Other."
51.0000,510000,"Health Services/Allied Health/Health Sciences, General."
51.0001,510001,"Health and Wellness, General."
51.0101,510101,Chiropractic.
51.0201,510201,"Communication Sciences and Disorders, General."
51.0202,510202,Audiology/Audiologist.
51.0203,510203,Speech-Language Pathology/Pathologist.
51.0204,510204,Audiology/Audiologist and Speech-Language Pathology/Pathologist.
51.0299,510299,"Communication Disorders Sciences and Services, Other."
51.0401,510401,Dentistry.
51.0501,510501,"Dental Clinical Sciences, General."
51.0502,510502,Advanced General Dentistry.
51.0503,510503,Oral Biology and Oral and Maxillofacial Pathology.
51.0504,510504,Dental Public Health and Education.
51.0505,510505,Dental Materials.
51.0506,510506,Endodontics/Endodontology.
51.0507,510507,Oral/Maxillofacial Surgery.
51.0508,510508,Orthodontics/Orthodontology.
51.0509,510509,Pediatric Dentistry/Pedodontics.
51.0510,510510,Periodontics/Periodontology.
51.0511,510511,Prosthodontics/Prosthodontology.
51.0599,510599,"Advanced/Graduate Dentistry and Oral Sciences, Other."
51.0601,510601,Dental Assisting/Assistant.
51.0602,510602,Dental Hygiene/Hygienist.
51.0603,510603,Dental Laboratory Technology/Technician.
51.0699,510699,"Dental Services and Allied Professions, Other."
51.0701,510701,Health/Health Care Administration/Management.
51.0702,510702,Hospital and Health Care Facilities Administration/Management.
51.0703,510703,Health Unit Coordinator/Ward Clerk.
51.0704,510704,Health Unit Manager/Ward Supervisor.
51.0705,510705,Medical Office Management/Administration.
51.0706,510706,Health Information/Medical Records Administration/Administrator.
51.0707,510707,Health Information/Medical Records Technology/Technician.
51.0708,510708,Medical Transcription/Transcriptionist.
51.0709,510709,Medical Office Computer Specialist/Assistant.
51.0710,510710,Medical Office Assistant/Specialist.
51.0711,510711,Medical/Health Management and Clinical Assistant/Specialist.
51.0712,510712,Medical Reception/Receptionist.
51.0713,510713,Medical Insurance Coding Specialist/Coder.
51.0714,510714,Medical Insurance Specialist/Medical Biller.
51.0715,510715,Health/Medical Claims Examiner.
51.0716,510716,Medical Administrative/Executive Assistant and Medical Secretary.
51.0717,510717,Medical Staff Services Technology/Technician.
51.0718,510718,Long Term Care Administration/Management.
51.0719,510719,Clinical Research Coordinator.
51.0799,510799,"Health and Medical Administrative Services, Other."
51.0801,510801,Medical/Clinical Assistant.
51.0802,510802,Clinical/Medical Laboratory Assistant.
51.0803,510803,Occupational Therapist Assistant.
51.0805,510805,Pharmacy Technician/Assistant.
51.0806,510806,Physical Therapy Technician/Assistant.
51.0808,510808,Veterinary/Animal Health Technology/Technician and Veterinary Assistant.
51.0809,510809,Anesthesiologist Assistant.
51.0810,510810,Emergency Care Attendant (EMT Ambulance).
51.0811,510811,Pathology/Pathologist Assistant.
51.0812,510812,Respiratory Therapy Technician/Assistant.
51.0813,510813,Chiropractic Assistant/Technician.
51.0814,510814,Radiologist Assistant.
51.0815,510815,Lactation Consultant.
51.0816,510816,Speech-Language Pathology Assistant.
51.0899,510899,"Allied Health and Medical Assisting Services, Other."
51.0901,510901,Cardiovascular Technology/Technologist.
51.0902,510902,Electrocardiograph Technology/Technician.
51.0903,510903,Electroneurodiagnostic/Electroencephalographic Technology/Technologist.
51.0904,510904,Emergency Medical Technology/Technician (EMT Paramedic).
51.0905,510905,Nuclear Medical Technology/Technologist.
51.0906,510906,Perfusion Technology/Perfusionist.
51.0907,510907,Medical Radiologic Technology/Science - Radiation Therapist.
51.0908,510908,Respiratory Care Therapy/Therapist.
51.0909,510909,Surgical Technology/Technologist.
51.0910,510910,Diagnostic Medical Sonography/Sonographer and Ultrasound Technician.
51.0911,510911,Radiologic Technology/Science - Radiographer.
51.0912,510912,Physician Assistant.
51.0913,510913,Athletic Training/Trainer.
51.0914,510914,Gene/Genetic Therapy.
51.0915,510915,Cardiopulmonary Technology/Technologist.
51.0916,510916,Radiation Protection/Health Physics Technician.
51.0917,510917,Polysomnography.
51.0918,510918,Hearing Instrument Specialist.
51.0919,510919,Mammography Technician/Technology.
51.0920,510920,Magnetic Resonance Imaging (MRI) Technology/Technician.
51.0999,510999,"Allied Health Diagnostic, Intervention, and Treatment Professions, Other."
51.1001,511001,Blood Bank Technology Specialist.
51.1002,511002,Cytotechnology/Cytotechnologist.
51.1003,511003,Hematology Technology/Technician.
51.1004,511004,Clinical/Medical Laboratory Technician.
51.1005,511005,Clinical Laboratory Science/Medical Technology/Technologist.
51.1006,511006,Ophthalmic Laboratory Technology/Technician.
51.1007,511007,Histologic Technology/Histotechnologist.
51.1008,511008,Histologic Technician.
51.1009,511009,Phlebotomy Technician/Phlebotomist.
51.1010,511010,Cytogenetics/Genetics/Clinical Genetics Technology/Technologist.
51.1011,511011,Renal/Dialysis Technologist/Technician.
51.1012,511012,Sterile Processing Technology/Technician.
51.1099,511099,"Clinical/Medical Laboratory Science and Allied Professions, Other."
51.1101,511101,Pre-Dentistry Studies.
51.1102,511102,Pre-Medicine/Pre-Medical Studies.
51.1103,511103,Pre-Pharmacy Studies.
51.1104,511104,Pre-Veterinary Studies.
51.1105,511105,Pre-Nursing Studies.
51.1106,511106,Pre-Chiropractic Studies.
51.1107,511107,Pre-Occupational Therapy Studies.
51.1108,511108,Pre-Optometry Studies.
51.1109,511109,Pre-Physical Therapy Studies.
51.1199,511199,"Health/Medical Preparatory Programs, Other."
51.1201,511201,Medicine.
51.1401,511401,Medical Scientist.
51.1501,511501,Substance Abuse/Addiction Counseling.
51.1502,511502,Psychiatric/Mental Health Services Technician.
51.1503,511503,Clinical/Medical Social Work.
51.1504,511504,Community Health Services/Liaison/Counseling.
51.1505,511505,Marriage and Family Therapy/Counseling.
51.1506,511506,Clinical Pastoral Counseling/Patient Counseling.
51.1507,511507,Psychoanalysis and Psychotherapy.
51.1508,511508,Mental Health Counseling/Counselor.
51.1509,511509,Genetic Counseling/Counselor.
51.1599,511599,"Mental and Social Health Services and Allied Professions, Other."
51.1601,511601,"Nursing/Registered Nurse (RN, ASN, BSN, MSN)."
51.1602,511602,"Nursing Administration (MSN, MS, PhD)."
51.1603,511603,Adult Health Nurse/Nursing.
51.1604,511604,Nurse Anesthetist.
51.1605,511605,Family Practice Nurse/Nurse Practitioner.
51.1606,511606,Maternal/Child Health and Neonatal Nurse/Nursing.
51.1607,511607,Nurse Midwife/Nursing Midwifery.
51.1608,511608,"Nursing Science (MS, PhD)."
51.1609,511609,Pediatric Nurse/Nursing.
51.1610,511610,Psychiatric/Mental Health Nurse/Nursing.
51.1611,511611,Public Health/Community Nurse/Nursing.
51.1612,511612,Perioperative/Operating Room and Surgical Nurse/Nursing.
51.1613,511613,"Licensed Practical/Vocational Nurse Training (LPN, LVN, Cert., Dipl, AAS)"
51.1614,511614,Nurse/Nursing Assistant/Aide and Patient Care Assistant.
51.1616,511616,Clinical Nurse Specialist.
51.1617,511617,Critical Care Nursing.
51.1618,511618,Occupational and Environmental Health Nursing.
51.1699,511699,"Nursing, Other."
51.1701,511701,Optometry.
51.1801,511801,Opticianry/Ophthalmic Dispensing Optician.
51.1802,511802,Optometric Technician/Assistant.
51.1803,511803,Ophthalmic Technician/Technologist.
51.1804,511804,Orthoptics/Orthoptist.
51.1899,511899,"Ophthalmic and Optometric Support Services and Allied Professions, Other."
51.1901,511901,Osteopathic Medicine/Osteopathy.
51.2001,512001,Pharmacy.
51.2002,512002,Pharmacy Administration and Pharmacy Policy and Regulatory Affairs.
51.2003,512003,Pharmaceutics and Drug Design.
51.2004,512004,Medicinal and Pharmaceutical Chemistry.
51.2005,512005,Natural Products Chemistry and Pharmacognosy.
51.2006,512006,Clinical and Industrial Drug Development.
51.2007,512007,Pharmacoeconomics/Pharmaceutical Economics.
51.2008,512008,"Clinical, Hospital, and Managed Care Pharmacy."
51.2009,512009,Industrial and Physical Pharmacy and Cosmetic Sciences.
51.2010,512010,Pharmaceutical Sciences.
51.2011,512011,Pharmaceutical Marketing and Management.
51.2099,512099,"Pharmacy, Pharmaceutical Sciences, and Administration, Other."
51.2101,512101,Podiatric Medicine/Podiatry.
51.2201,512201,"Public Health, General."
51.2202,512202,Environmental Health.
51.2205,512205,Health/Medical  Physics.
51.2206,512206,Occupational Health and Industrial Hygiene.
51.2207,512207,Public Health Education and Promotion.
51.2208,512208,Community Health and Preventive Medicine.
51.2209,512209,Maternal and Child Health.
51.2210,512210,International Public Health/International Health.
51.2211,512211,Health Services Administration.
51.2212,512212,Behavioral Aspects of Health.
51.2299,512299,"Public Health, Other."
51.2301,512301,Art Therapy/Therapist.
51.2302,512302,Dance Therapy/Therapist.
51.2305,512305,Music Therapy/Therapist.
51.2306,512306,Occupational Therapy/Therapist.
51.2307,512307,Orthotist/Prosthetist.
51.2308,512308,Physical Therapy/Therapist.
51.2309,512309,Therapeutic Recreation/Recreational Therapy.
51.2310,512310,Vocational Rehabilitation Counseling/Counselor.
51.2311,512311,Kinesiotherapy/Kinesiotherapist.
51.2312,512312,Assistive/Augmentative Technology and Rehabilitation Engineering.
51.2313,512313,Animal-Assisted Therapy.
51.2314,512314,Rehabilitation Science.
51.2399,512399,"Rehabilitation and Therapeutic Professions, Other."
51.2401,512401,Veterinary Medicine.
51.2501,512501,"Veterinary Sciences/Veterinary Clinical Sciences, General."
51.2502,512502,Veterinary Anatomy.
51.2503,512503,Veterinary Physiology.
51.2504,512504,Veterinary Microbiology and Immunobiology.
51.2505,512505,Veterinary Pathology and Pathobiology.
51.2506,512506,Veterinary Toxicology and Pharmacology.
51.2507,512507,Large Animal/Food Animal and Equine Surgery and Medicine.
51.2508,512508,Small/Companion Animal Surgery and Medicine.
51.2509,512509,Comparative and Laboratory Animal Medicine.
51.2510,512510,"Veterinary Preventive Medicine, Epidemiology, and Public Health."
51.2511,512511,Veterinary Infectious Diseases.
51.2599,512599,"Veterinary Biomedical and Clinical Sciences, Other."
51.2601,512601,Health Aide.
51.2602,512602,Home Health Aide/Home Attendant.
51.2603,512603,Medication Aide.
51.2604,512604,Rehabilitation Aide.
51.2699,512699,"Health Aides/Attendants/Orderlies, Other."
51.2703,512703,Medical Illustration/Medical Illustrator.
51.2706,512706,Medical Informatics.
51.2799,512799,"Medical Illustration and Informatics, Other."
51.3101,513101,Dietetics/Dietitian.
51.3102,513102,Clinical Nutrition/Nutritionist.
51.3103,513103,Dietetic Technician.
51.3104,513104,Dietitian Assistant.
51.3199,513199,"Dietetics and Clinical Nutrition Services, Other."
51.3201,513201,Bioethics/Medical Ethics.
51.3300,513300,"Alternative and Complementary Medicine and Medical Systems, General."
51.3301,513301,Acupuncture and Oriental Medicine.
51.3302,513302,Traditional Chinese Medicine and Chinese Herbology.
51.3303,513303,Naturopathic Medicine/Naturopathy.
51.3304,513304,Homeopathic Medicine/Homeopathy.
51.3305,513305,Ayurvedic Medicine/Ayurveda.
51.3306,513306,Holistic Health.
51.3399,513399,"Alternative and Complementary Medicine and Medical Systems, Other."
51.3401,513401,Direct Entry Midwifery.
51.3499,513499,"Alternative and Complementary Medical Support Services, Other."
51.3501,513501,Massage Therapy/Therapeutic Massage.
51.3502,513502,Asian Bodywork Therapy.
51.3503,513503,Somatic Bodywork.
51.3599,513599,"Somatic Bodywork and Related Therapeutic Services, Other."
51.3601,513601,Movement Therapy and Movement Education.
51.3602,513602,Yoga Teacher Training/Yoga Therapy.
51.3603,513603,Hypnotherapy/Hypnotherapist.
51.3699,513699,"Movement and Mind-Body Therapies and Education, Other."
51.3701,513701,Aromatherapy.
51.3702,513702,Herbalism/Herbalist.
51.3703,513703,Polarity Therapy.
51.3704,513704,Reiki.
51.3799,513799,"Energy and Biologically Based Therapies, Other."
51.3801,513801,Registered Nursing/Registered Nurse.
51.3802,513802,Nursing Administration.
51.3803,513803,Adult Health Nurse/Nursing.
51.3804,513804,Nurse Anesthetist.
51.3805,513805,Family Practice Nurse/Nursing.
51.3806,513806,Maternal/Child Health and Neonatal Nurse/Nursing.
51.3807,513807,Nurse Midwife/Nursing Midwifery.
51.3808,513808,Nursing Science.
51.3809,513809,Pediatric Nurse/Nursing.
51.3810,513810,Psychiatric/Mental Health Nurse/Nursing.
51.3811,513811,Public Health/Community Nurse/Nursing.
51.3812,513812,Perioperative/Operating Room and Surgical Nurse/Nursing.
51.3813,513813,Clinical Nurse Specialist.
51.3814,513814,Critical Care Nursing.
51.3815,513815,Occupational and Environmental Health Nursing.
51.3816,513816,Emergency Room/Trauma Nursing.
51.3817,513817,Nursing Education.
51.3818,513818,Nursing Practice.
51.3819,513819,Palliative Care Nursing.
51.3820,513820,Clinical Nurse Leader.
51.3821,513821,Geriatric Nurse/Nursing.
51.3822,513822,Women's Health Nurse/Nursing.
51.3899,513899,"Registered Nursing, Nursing Administration, Nursing Research and Clinical Nursing, Other."
51.3901,513901,Licensed Practical/Vocational Nurse Training.
51.3902,513902,Nursing Assistant/Aide and Patient Care Assistant/Aide.
51.3999,513999,"Practical Nursing, Vocational Nursing and Nursing Assistants, Other."
51.9999,519999,"Health Professions and Related Clinical Sciences, Other."
52.0101,520101,"Business/Commerce, General."
52.0201,520201,"Business Administration and Management, General."
52.0202,520202,"Purchasing, Procurement/Acquisitions and Contracts Management."
52.0203,520203,"Logistics, Materials, and Supply Chain Management."
52.0204,520204,Office Management and Supervision.
52.0205,520205,Operations Management and Supervision.
52.0206,520206,Non-Profit/Public/Organizational Management.
52.0207,520207,Customer Service Management.
52.0208,520208,E-Commerce/Electronic Commerce.
52.0209,520209,Transportation/Mobility Management.
52.0210,520210,Research and Development Management.
52.0211,520211,Project Management.
52.0212,520212,Retail Management.
52.0213,520213,Organizational Leadership.
52.0299,520299,"Business Administration, Management and Operations, Other."
52.0301,520301,Accounting.
52.0302,520302,Accounting Technology/Technician and Bookkeeping.
52.0303,520303,Auditing.
52.0304,520304,Accounting and Finance.
52.0305,520305,Accounting and Business/Management.
52.0399,520399,"Accounting and Related Services, Other."
52.0401,520401,"Administrative Assistant and Secretarial Science, General."
52.0402,520402,Executive Assistant/Executive Secretary.
52.0406,520406,Receptionist.
52.0407,520407,Business/Office Automation/Technology/Data Entry.
52.0408,520408,General Office Occupations and Clerical Services.
52.0409,520409,"Parts, Warehousing, and Inventory Management Operations."
52.0410,520410,"Traffic, Customs, and Transportation Clerk/Technician."
52.0411,520411,Customer Service Support/Call Center/Teleservice Operation.
52.0499,520499,"Business Operations Support and Secretarial Services, Other."
52.0501,520501,Business/Corporate Communications.
52.0601,520601,Business/Managerial Economics.
52.0701,520701,Entrepreneurship/Entrepreneurial Studies.
52.0702,520702,Franchising and Franchise Operations.
52.0703,520703,Small Business Administration/Management.
52.0799,520799,"Entrepreneurial and Small Business Operations, Other."
52.0801,520801,"Finance, General."
52.0803,520803,Banking and Financial Support Services.
52.0804,520804,Financial Planning and Services.
52.0806,520806,International Finance.
52.0807,520807,Investments and Securities.
52.0808,520808,Public Finance.
52.0809,520809,Credit Management.
52.0899,520899,"Finance and Financial Management Services, Other."
52.0901,520901,"Hospitality Administration/Management, General."
52.0903,520903,Tourism and Travel Services Management.
52.0904,520904,Hotel/Motel Administration/Management.
52.0905,520905,Restaurant/Food Services Management.
52.0906,520906,Resort Management.
52.0907,520907,Meeting and Event Planning.
52.0908,520908,Casino Management.
52.0909,520909,"Hotel, Motel, and Restaurant Management."
52.0999,520999,"Hospitality Administration/Management, Other."
52.1001,521001,"Human Resources Management/Personnel Administration, General."
52.1002,521002,Labor and Industrial Relations.
52.1003,521003,Organizational Behavior Studies.
52.1004,521004,Labor Studies.
52.1005,521005,Human Resources Development.
52.1099,521099,"Human Resources Management and Services, Other."
52.1101,521101,International Business/Trade/Commerce.
52.1201,521201,"Management Information Systems, General."
52.1206,521206,Information Resources Management.
52.1207,521207,Knowledge Management.
52.1299,521299,"Management Information Systems and Services, Other."
52.1301,521301,Management Science.
52.1302,521302,Business Statistics.
52.1304,521304,Actuarial Science.
52.1399,521399,"Management Sciences and Quantitative Methods, Other."
52.1401,521401,"Marketing/Marketing Management, General."
52.1402,521402,Marketing Research.
52.1403,521403,International Marketing.
52.1499,521499,"Marketing, Other."
52.1501,521501,Real Estate.
52.1601,521601,Taxation.
52.1701,521701,Insurance.
52.1801,521801,"Sales, Distribution, and Marketing Operations, General."
52.1802,521802,Merchandising and Buying Operations.
52.1803,521803,Retailing and Retail Operations.
52.1804,521804,Selling Skills and Sales Operations.
52.1899,521899,"General Merchandising, Sales, and Related Marketing Operations, Other."
52.1901,521901,Auctioneering.
52.1902,521902,Fashion Merchandising.
52.1903,521903,Fashion Modeling.
52.1904,521904,Apparel and Accessories Marketing Operations.
52.1905,521905,Tourism and Travel Services Marketing Operations.
52.1906,521906,Tourism Promotion Operations.
52.1907,521907,Vehicle and Vehicle Parts and Accessories Marketing Operations.
52.1908,521908,Business and Personal/Financial Services Marketing Operations.
52.1909,521909,Special Products Marketing Operations.
52.1910,521910,Hospitality and Recreation Marketing Operations.
52.1999,521999,"Specialized Merchandising, Sales, and Marketing Operations, Other."
52.2001,522001,Construction Management.
52.2101,522101,Telecommunications Management.
52.9999,529999,"Business, Management, Marketing, and Related Support Services, Other."
53.0101,530101,Regular/General High School/Secondary Diploma Program.
53.0102,530102,College/University Preparatory and Advanced High School/Secondary Diploma Program.
53.0103,530103,Vocational High School and Secondary Business/Vocational-Industrial/Occupational Diploma Program.
53.0104,530104,Honors/Regents High School/Secondary Diploma Program.
53.0105,530105,Adult High School/Secondary Diploma Program.
53.0199,530199,"High School/Secondary Diploma Programs, Other."
53.0201,530201,High School Equivalence Certificate Program.
53.0202,530202,High School Certificate of Competence Program.
53.0203,530203,Certificate of IEP Completion Program.
53.0299,530299,"High School/Secondary Certificates, Other."
54.0101,540101,"History, General."
54.0102,540102,American  History (United States).
54.0103,540103,European History.
54.0104,540104,History and Philosophy of Science and Technology.
54.0105,540105,Public/Applied History.
54.0106,540106,Asian History.
54.0107,540107,Canadian History.
54.0108,540108,Military History.
54.0199,540199,"History, Other."
60.0101,600101,Oral and Maxillofacial Surgery Residency Program.
60.0102,600102,Dental Public Health Residency Program.
60.0103,600103,Endodontics Residency Program.
60.0104,600104,Oral and Maxillofacial Pathology Residency Program.
60.0105,600105,Orthodontics Residency Program.
60.0106,600106,Pediatric Dentistry Residency Program.
60.0107,600107,Periodontology Residency Program.
60.0108,600108,Prosthodontics Residency Program.
60.0109,600109,Oral and Maxillofacial Radiology Residency Program.
60.0199,600199,"Dental Residency Program, Other."
60.0201,600201,Aerospace Medicine.
60.0202,600202,Allergies and Immunology.
60.0203,600203,Anesthesiology.
60.0204,600204,Blood Banking.
60.0205,600205,Cardiology.
60.0206,600206,Chemical Pathology.
60.0207,600207,Child/Pediatric Neurology.
60.0208,600208,Child Psychiatry.
60.0209,600209,Colon and Rectal Surgery.
60.0210,600210,Critical Care Anesthesiology.
60.0211,600211,Critical Care Medicine.
60.0212,600212,Critical Care Surgery.
60.0213,600213,Dermatology.
60.0214,600214,Dermatopathology.
60.0215,600215,Diagnostic Radiology.
60.0216,600216,Emergency Medicine.
60.0217,600217,Endocrinology and Metabolism.
60.0218,600218,Family Medicine.
60.0219,600219,Forensic Pathology.
60.0220,600220,Gastroenterology.
60.0221,600221,General Surgery.
60.0222,600222,Geriatric Medicine.
60.0223,600223,Hand Surgery.
60.0224,600224,Hematology.
60.0225,600225,Hematological Pathology.
60.0226,600226,Immunopathology.
60.0227,600227,Infectious Disease.
60.0228,600228,Internal Medicine.
60.0229,600229,Laboratory Medicine.
60.0230,600230,Musculoskeletal Oncology.
60.0231,600231,Neonatal-Perinatal Medicine.
60.0232,600232,Nephrology.
60.0233,600233,Neurological Surgery/Neurosurgery.
60.0234,600234,Neurology.
60.0235,600235,Neuropathology.
60.0236,600236,Nuclear Medicine.
60.0237,600237,Nuclear Radiology.
60.0238,600238,Obstetrics and Gynecology.
60.0239,600239,Occupational Medicine.
60.0240,600240,Oncology.
60.0241,600241,Ophthalmology.
60.0242,600242,Orthopedics/Orthopedic Surgery.
60.0243,600243,Otolaryngology.
60.0244,600244,Pathology.
60.0245,600245,Pediatric Cardiology.
60.0246,600246,Pediatric Endocrinology.
60.0247,600247,Pediatric Hemato-Oncology.
60.0248,600248,Pediatric Nephrology.
60.0249,600249,Pediatric Orthopedics.
60.0250,600250,Pediatric Surgery.
60.0251,600251,Pediatrics.
60.0252,600252,Physical and Rehabilitation Medicine.
60.0253,600253,Plastic Surgery.
60.0254,600254,Preventive Medicine.
60.0255,600255,Psychiatry.
60.0256,600256,Public Health Medicine.
60.0257,600257,Pulmonary Disease.
60.0258,600258,Radiation Oncology.
60.0259,600259,Radioisotopic Pathology.
60.0260,600260,Rheumatology.
60.0261,600261,Sports Medicine.
60.0262,600262,Thoracic Surgery.
60.0263,600263,Urology.
60.0264,600264,Vascular Surgery.
60.0265,600265,Adult Reconstructive Orthopedics (Orthopedic Surgery).
60.0266,600266,Child Neurology.
60.0267,600267,Cytopathology.
60.0268,600268,Geriatric Medicine (Internal Medicine).
60.0269,600269,Pediatric Urology.
60.0270,600270,Physical Medicine and Rehabilitation/Psychiatry.
60.0271,600271,Orthopedic Surgery of the Spine.
60.0299,600299,"Medical Residency Programs, Other."
60.0301,600301,Veterinary Anesthesiology Residency Program.
60.0302,600302,Veterinary Dentistry Residency Program.
60.0303,600303,Veterinary Dermatology Residency Program.
60.0304,600304,Veterinary Emergency and Critical Care Medicine Residency Program.
60.0305,600305,Veterinary Internal Medicine Residency Program.
60.0306,600306,Laboratory Animal Medicine Residency Program.
60.0307,600307,Veterinary Microbiology Residency Program.
60.0308,600308,Veterinary Nutrition Residency Program.
60.0309,600309,Veterinary Ophthalmology Residency Program.
60.0310,600310,Veterinary Pathology Residency Program.
60.0311,600311,Veterinary Practice Residency Program.
60.0312,600312,Veterinary Preventive Medicine Residency Program.
60.0313,600313,Veterinary Radiology Residency Program.
60.0314,600314,Veterinary Surgery Residency Program.
60.0315,600315,Theriogenology Residency Program.
60.0316,600316,Veterinary Toxicology Residency Program.
60.0317,600317,Zoological Medicine Residency Program.
60.0318,600318,Poultry Veterinarian Residency Program.
60.0319,600319,Veterinary Behaviorist Residency Program.
60.0320,600320,Veterinary Clinical Pharmacology Residency Program.
60.0399,600399,"Veterinary Residency Programs, Other."
60.0401,600401,Aerospace Medicine Residency Program.
60.0402,600402,Allergy and Immunology Residency Program.
60.0403,600403,Anesthesiology Residency Program.
60.0404,600404,Child Neurology Residency Program.
60.0405,600405,Clinical Biochemical Genetics Residency Program.
60.0406,600406,Clinical Cytogenetics Residency Program.
60.0407,600407,Clinical Genetics Residency Program.
60.0408,600408,Clinical Molecular Genetics Residency Program.
60.0409,600409,Colon and Rectal Surgery Residency Program.
60.0410,600410,Dermatology Residency Program.
60.0411,600411,Diagnostic Radiology Residency Program.
60.0412,600412,Emergency Medicine Residency Program.
60.0413,600413,Family Medicine Residency Program.
60.0414,600414,General Surgery Residency Program.
60.0415,600415,Internal Medicine Residency Program.
60.0416,600416,Neurological Surgery Residency Program.
60.0417,600417,Neurology Residency Program.
60.0418,600418,Nuclear Medicine Residency Program.
60.0419,600419,Obstetrics and Gynecology Residency Program.
60.0420,600420,Occupational Medicine Residency Program.
60.0421,600421,Ophthalmology Residency Program.
60.0422,600422,Orthopedic Surgery Residency Program.
60.0423,600423,Otolaryngology Residency Program.
60.0424,600424,Pathology Residency Program.
60.0425,600425,Pediatrics Residency Program.
60.0426,600426,Physical Medicine and Rehabilitation Residency Program.
60.0427,600427,Plastic Surgery Residency Program.
60.0428,600428,Psychiatry Residency Program.
60.0429,600429,Public Health and General Preventive Medicine Residency Program.
60.0430,600430,Radiation Oncology Residency Program.
60.0431,600431,Radiologic Physics Residency Program.
60.0432,600432,Thoracic Surgery Residency Program.
60.0433,600433,Urology Residency Program.
60.0434,600434,Vascular Surgery Residency Program.
60.0499,600499,"Medical Residency Programs - General Certificates, Other."
60.0501,600501,Addiction Psychiatry Residency Program.
60.0502,600502,Adolescent Medicine Residency Program.
60.0503,600503,Blood Banking/Transfusion Medicine Residency Program.
60.0504,600504,Cardiovascular Disease Residency Program.
60.0505,600505,Chemical Pathology Residency Program.
60.0506,600506,Child Abuse Pediatrics Residency Program.
60.0507,600507,Child and Adolescent Psychiatry Residency Program.
60.0508,600508,Clinical Cardiac Electrophysiology Residency Program.
60.0509,600509,Clinical Neurophysiology Residency Program.
60.0510,600510,Congenital Cardiac Surgery Residency Program.
60.0511,600511,Critical Care Medicine Residency Program.
60.0512,600512,Cytopathology Residency Program.
60.0513,600513,Dermatopathology Residency Program.
60.0514,600514,Developmental-Behavioral Pediatrics Residency Program.
60.0515,600515,Diagnostic Radiologic Physics Residency Program.
60.0516,600516,"Endocrinology, Diabetes and Metabolism Residency Program."
60.0517,600517,Forensic Pathology Residency Program.
60.0518,600518,Forensic Psychiatry Residency Program.
60.0519,600519,Gastroenterology Residency Program.
60.0520,600520,Geriatric Medicine Residency Program.
60.0521,600521,Geriatric Psychiatry Residency Program.
60.0522,600522,Gynecologic Oncology Residency Program.
60.0523,600523,Hematological Pathology Residency Program.
60.0524,600524,Hematology Residency Program.
60.0525,600525,Hospice and Palliative Medicine Residency Program.
60.0526,600526,Immunopathology Residency Program.
60.0527,600527,Infectious Disease Residency Program.
60.0528,600528,Interventional Cardiology Residency Program.
60.0529,600529,Laboratory Medicine Residency Program.
60.0530,600530,Maternal and Fetal Medicine Residency Program.
60.0531,600531,Medical Biochemical Genetics Residency Program.
60.0532,600532,Medical Microbiology Residency Program.
60.0533,600533,Medical Nuclear Physics Residency Program.
60.0534,600534,Medical Oncology Residency Program.
60.0535,600535,Medical Toxicology Residency Program.
60.0536,600536,Molecular Genetic Pathology Residency Program.
60.0537,600537,Musculoskeletal Oncology Residency Program.
60.0538,600538,Neonatal-Perinatal Medicine Residency Program.
60.0539,600539,Nephrology Residency Program.
60.0540,600540,Neurodevelopmental Disabilities Residency Program.
60.0541,600541,Neuromuscular Medicine Residency Program.
60.0542,600542,Neuropathology Residency Program.
60.0543,600543,Neuroradiology Residency Program.
60.0544,600544,Neurotology Residency Program.
60.0545,600545,Nuclear Radiology Residency Program.
60.0546,600546,Orthopedic Sports Medicine Residency Program.
60.0547,600547,Orthopedic Surgery of the Spine Residency Program.
60.0548,600548,Pain Medicine Residency Program.
60.0549,600549,Pediatric Cardiology Residency Program.
60.0550,600550,Pediatric Critical Care Medicine Residency Program.
60.0551,600551,Pediatric Dermatology Residency Program.
60.0552,600552,Pediatric Emergency Medicine Residency Program.
60.0553,600553,Pediatric Endocrinology Residency Program.
60.0554,600554,Pediatric Gastroenterology Residency Program.
60.0555,600555,Pediatric Hematology-Oncology Residency Program.
60.0556,600556,Pediatric Infectious Diseases Residency Program.
60.0557,600557,Pediatric Nephrology Residency Program.
60.0558,600558,Pediatric Orthopedics Residency Program.
60.0559,600559,Pediatric Otolaryngology Residency Program.
60.0560,600560,Pediatric Pathology Residency Program.
60.0561,600561,Pediatric Pulmonology Residency Program.
60.0562,600562,Pediatric Radiology Residency Program.
60.0563,600563,Pediatric Rehabilitation Medicine Residency Program.
60.0564,600564,Pediatric Rheumatology Residency Program.
60.0565,600565,Pediatric Surgery Residency Program.
60.0566,600566,Pediatric Transplant Hepatology Residency Program.
60.0567,600567,Pediatric Urology Residency Program.
60.0568,600568,Physical Medicine and Rehabilitation/Psychiatry Residency Program.
60.0569,600569,Plastic Surgery Within the Head and Neck Residency Program.
60.0570,600570,Psychosomatic Medicine Residency Program.
60.0571,600571,Pulmonary Disease Residency Program.
60.0572,600572,Radioisotopic Pathology Residency Program.
60.0573,600573,Reproductive Endocrinology/Infertility Residency Program.
60.0574,600574,Rheumatology Residency Program.
60.0575,600575,Sleep Medicine Residency Program.
60.0576,600576,Spinal Cord Injury Medicine Residency Program.
60.0577,600577,Sports Medicine Residency Program.
60.0578,600578,Surgery of the Hand Residency Program.
60.0579,600579,Surgical Critical Care Residency Program.
60.0580,600580,Therapeutic Radiologic Physics Residency Program.
60.0581,600581,Transplant Hepatology Residency Program.
60.0582,600582,Undersea and Hyperbaric Medicine Residency Program.
60.0583,600583,Vascular and Interventional Radiology Residency Program.
60.0584,600584,Vascular Neurology Residency Program.
60.0599,600599,"Medical Residency Programs - Subspecialty Certificates, Other."
60.0601,600601,Podiatric Medicine and Surgery - 24 Residency Program.
60.0602,600602,Podiatric Medicine and Surgery - 36 Residency Program.
